id,title,description,availability,availability_date,expiration_date,link,mobile_link,image_link,price,sale_price,sale_price_effective_date,identifier_exists,gtin,mpn,brand,product_highlight,product_highlight,product_highlight,product_highlight,product_detail,additional_image_link,additional_image_link,additional_image_link,additional_image_link,additional_image_link,additional_image_link,additional_image_link,condition,adult,color,size,size_type,size_system,gender,material,pattern,age_group,multipack,is bundle,unit_pricing_measure,unit_pricing_base_measure,energy_efficiency_class,min_energy_efficiency_class,max_energy_efficiency,item_group_id,video_link,virtual_model_link,cost_of_goods_sold,google_product_category,product_type,shipping,shipping_weight,min_handling_time,max_handling_time,min_transit_time,max_transit_time
410 1.5LB,"1.5lb R-410A Refrigerant, Virgin","A 1.5 lb cylinder of virgin R-410A — a small charge for top-ups, mini-splits and commissioning work.
A 1.5 lb cylinder of virgin R-410A. Small cylinders earn their place on jobs where a full-size service cylinder is the wrong tool entirely: a mini-split that needs a few ounces after a line-set extension, a commissioning top-up, or a service van that cannot carry full cylinders of everything.
The per-pound cost of a small cylinder is higher than bulk, which is simply what packaging costs. Everything else about the gas is the same: high-pressure blend, liquid charge, equipment rated for R-410A.",in_stock,,,https://home24care.com/products/1-5lb-r-410a-refrigerant-virgin,,https://home24care.com/product-images/6f8d2388473337db-feed.jpg?v=r2,39.60 USD,,,,,410 1.5LB,Home24Care,1.5 lb cylinder,Virgin refrigerant,High-pressure blend — use rated equipment,Liquid charge only,,,,,,,,,new,no,,,,,,,,,,no,1.5 lb,,,,,,,,,"Hardware > Heating, Ventilation & Air Conditioning",Refrigerants & Gases > HVAC Refrigerants,US:::0.00 USD,,0,1,1,3
yf10,10lb Honeywell R-1234yf Refrigerant – Made in USA,"A 10 lb cylinder of Honeywell R-1234yf, made in the USA — cylinder quantity for shops doing regular HFO work.
A 10 lb cylinder of R-1234yf rather than cans. Once a shop is charging HFO systems regularly, the cylinder is the cheaper and faster way to work: one connection to the manifold instead of a tap and a can for every few ounces.
R-1234yf is the refrigerant new vehicle air conditioning is built around, and it is not interchangeable with the R-134a it replaced — different fittings, different service equipment, and a refrigerant identifier is worth having if you work on both.",in_stock,,,https://home24care.com/products/10lb-honeywell-r-1234yf-refrigerant-made-in-usa,,https://home24care.com/product-images/3b74a94892bb3179-feed.jpg?v=r2,159.60 USD,,,,,yf10,Honeywell,10 lb cylinder,Honeywell product,Made in USA,HFO refrigerant for motor-vehicle air conditioning,,,,,,,,,new,no,,,,,,,,,,no,10 lb,,,,,,,,,"Hardware > Heating, Ventilation & Air Conditioning",Refrigerants & Gases > Specialty Refrigerants,US:::0.00 USD,,0,1,1,3
PZ-R1234F,11 LB R1234yf (R-1234yf) Refrigerant Gas,"A single 11 lb cylinder of R-1234yf for the shop that sees vehicle AC work now and then and wants gas on the shelf for the car in the bay.
One cylinder, sized for the job in front of you. Mobile techs and general repair shops that take vehicle AC work as it comes do not need standing stock on a rack. At 11 lb it is a one-hand lift into a service van, and how long it lasts depends on the systems you see, so weigh every charge in rather than counting cars.
Diagnose before you charge. A system that dumped its charge will dump the next one, so find the leak, repair it, pull a deep vacuum, then weigh the charge in through your recovery machine. Being a single-component HFO, this gas carries no glide: nothing to fractionate and no liquid-charging ritual to observe. It is not a drop-in for an R-134a circuit, which is why the service ports differ.
Treat it as the mildly flammable refrigerant it is. Keep ignition sources clear, ventilate the bay, never braze near an open charge, and use leak detection and recovery kit rated for mild flammability. Operating pressures sit in familiar R-134a territory and nowhere near R-410A. Store the cylinder upright, secured and out of the sun, and order the next one while gas is still on the machine.",in_stock,,,https://home24care.com/products/11-lb-r1234yf-r-1234yf-refrigerant-gas,,https://home24care.com/product-images/6936e748e36495e0-feed.jpg?v=r2,240.00 USD,,,,,PZ-R1234F,Home24Care,Single 11 lb cylinder for occasional vehicle AC work,Single-component HFO with no glide and nothing to fractionate,For systems engineered around it — never an R-134a drop-in,Mildly flammable — ventilate and keep ignition sources away,,,,,,,,,new,no,,,,,,,,,,no,11 lb,,,,,,,,,"Hardware > Heating, Ventilation & Air Conditioning",Refrigerants & Gases > Specialty Refrigerants,US:::0.00 USD,,0,1,1,3
10pcs R1234,11 LB R1234yf (R-1234yf) Refrigerant Gas | 10 Cylinders,"Ten 11 lb cylinders of R-1234yf — 110 lb per order — for multi-bay shops and dealership service lanes running mobile air conditioning work daily.
Ten cylinders is a stocking quantity, not a shelf of spares. A mildly flammable refrigerant wants a designated store: ventilated, out of direct sun, clear of welding and any other hot work, cylinders upright and secured so nothing can topple. Multi-bay shops and dealership service lanes order at this level because the lane runs all day and stock becomes someone's job rather than the technician's afterthought. Check each cylinder in against the order before it goes to the store.
Mobile air conditioning takes most of it. Car and light-truck systems built around R-1234yf replaced R-134a designs as manufacturers moved off high-GWP gas, and that vehicle population is now ageing into routine service work. Some stationary chillers and heat pumps run it as well. It is not a drop-in for an R-134a circuit — charge it only into systems designed for it, because cross-charged gas turns into a recovery job rather than a repair.
Charge by weight through a recovery, recycle and recharge machine. A single-component fluid has no glide and cannot fractionate, so the liquid-only discipline a blend demands does not apply. Flammability sets the ground rules instead: ignition sources back, space ventilated, no brazing near an open charge, detection and recovery kit rated for the gas. Log cylinders against jobs at this quantity. You get a true consumption rate, recovered gas stays separated from unused stock in the record, and the paperwork holds up under review.",in_stock,,,https://home24care.com/products/11-lb-r1234yf-r-1234yf-refrigerant-gas-10-cylinders,,https://home24care.com/product-images/a97af6c9fff9034e-feed.jpg?v=r2,2320.00 USD,,,,,10pcs R1234,Home24Care,Ten 11 lb cylinders — 110 lb of R-1234yf per order,Single-component HFO rather than a blend — mildly flammable,Store upright and secured in a ventilated space away from hot work and direct sun,Charge by weight through a recovery recycle and recharge machine,,,,,,,,,new,no,,,,,,,,,,no,11 lb,,,,,,,,,"Hardware > Heating, Ventilation & Air Conditioning",Refrigerants & Gases > Bulk & Pallet Orders,US:::0.00 USD,,0,1,1,3
20pcs R1234,11 LB R1234yf (R-1234yf) Refrigerant Gas | 20 Cylinders,"Twenty 11 lb cylinders of R-1234yf — 220 lb in total: a single-component HFO for mobile air conditioning systems built around it, handled as a mildly flammable A2L.
Twenty cylinders at 11 lb each puts 220 lb of refrigerant on the shelf — shop stock rather than a single-repair buy. Check the count against what you ordered before you sign for it. Look over each cylinder for impact damage or a valve that has taken a knock, and note anything wrong on the paperwork while the driver is still there. Store them upright, secured and out of direct sun.
The gas is a hydrofluoro-olefin: a single compound, not a blend, and not an HFC. Mobile air conditioning takes most of it. Car and light-truck systems designed around it replaced R-134a as makers moved off high-GWP refrigerant, though adoption followed different timetables by manufacturer, model year and market — read the label under the bonnet before you connect. It is not a drop-in for an R-134a circuit; service ports differ, and a cross-charged system is a recovery job, not a repair. It also appears as a component in newer low-GWP blends.
Pure fluid, so there is no glide and nothing to fractionate; the liquid-only discipline a blend demands does not apply here. Charge by weight all the same, using a charging station or the charge function of an A2L-rated recovery, recycling and recharging machine. Working pressures sit in R-134a territory, well below an R-410A-class system, but the A2L classification sets the ground rules: ventilate, keep ignition sources clear, no brazing near an open charge, and use recovery and leak detection rated for mildly flammable refrigerant.",in_stock,,,https://home24care.com/products/11-lb-r1234yf-r-1234yf-refrigerant-gas-20-cylinders,,https://home24care.com/product-images/b4406e1ea06f5c8f-feed.jpg?v=r2,4560.00 USD,,,,,20pcs R1234,Home24Care,Twenty cylinders at 11 lb each — 220 lb of R-1234yf in total,Single-component HFO — no glide and no fractionation,A2L classification: lower toxicity and mildly flammable,For systems engineered for R-1234yf — not an R-134a drop-in,,,,,,,,,new,no,,,,,,,,,,no,11 lb,,,,,,,,,"Hardware > Heating, Ventilation & Air Conditioning",Refrigerants & Gases > Bulk & Pallet Orders,US:::0.00 USD,,0,1,1,3
30pcs R1234,11 LB R1234yf (R-1234yf) Refrigerant Gas | 30 Cylinders,"330 lb of R-1234yf across 30 cylinders at 11 lb each, a stocking quantity for branch shelves and service vans rather than a single repair.
Thirty cylinders is an inventory decision more than a purchase. Work out where they go before they arrive: what stays on the branch shelf, what rides in vans, who signs a cylinder out. Draw-down rates differ van to van. Log each cylinder against the van it left on and cycle counting stays a corner of the store rather than all of it. An empty coming back closes the loop. A cylinder nobody can place does not.
The gas itself is a hydrofluoro-olefin: a single compound, not a blend and not an HFC. Mobile air conditioning takes most of it, since many car and light-truck platforms moved to it as makers stepped away from high-GWP gas. Coverage varies by market and model year, so read the underbonnet label before charging. Some stationary chillers and heat pumps run it too. It is not a drop-in for an R-134a circuit. Service ports differ for that reason, and a cross-charged system becomes a recovery job rather than a repair.
Flammability drives the handling. Standard practice for a mildly flammable refrigerant applies: cylinders upright and secured, kept cool and out of direct sun, the space ventilated, no brazing near an open charge, and recovery and leak detection kit rated for the class. Charging by weight beats reading a sight glass. Operating pressures sit broadly where R-134a sits, well short of an R-410A-class system. Local code and the vehicle maker's procedure govern the rest, and neither is something a cylinder count can tell you.",in_stock,,,https://home24care.com/products/11-lb-r1234yf-r-1234yf-refrigerant-gas-30-cylinders,,https://home24care.com/product-images/eef41ce68833f2c2-feed.jpg?v=r2,6600.00 USD,,,,,30pcs R1234,Home24Care,330 lb total - 30 cylinders at 11 lb each,Single-component HFO - no glide and no fractionation to manage,Mildly flammable gas - flammability governs storage and service practice,Not a drop-in for an R-134a circuit - service ports differ,,,,,,,,,new,no,,,,,,,,,,no,11 lb,,,,,,,,,"Hardware > Heating, Ventilation & Air Conditioning",Refrigerants & Gases > Bulk & Pallet Orders,US:::0.00 USD,,0,1,1,3
40pcs R1234,11 LB R1234yf (R-1234yf) Refrigerant Gas | 40 Cylinders,"Forty 11 lb cylinders of R-1234yf — 440 lb of single-component HFO refrigerant for newer vehicle air-conditioning work, bought at season depth.
Forty cylinders is a season, not a job. The case for depth is simple: sealed refrigerant keeps on a shelf, so stock you hold now is stock you charge later. R-1234yf is the refrigerant newer car and light-truck air-conditioning systems are specified for, and where that work is steady in your bays, running dry mid-job costs more than the space 440 lb takes up.
Settle the storage question before the order goes in. Fire code and the authority having jurisdiction set limits on how much A2L refrigerant may sit inside a building, and 440 lb in one room is a different conversation from one cylinder riding in a van. Tell your insurer as well. Then find the space: cylinders secured and upright, out of direct heat, ignition sources clear.
The gas itself is a single-component HFO, not a blend and not an HFC, so there is no glide and nothing to fractionate. Weigh the charge in through a recovery, recycle and recharge machine rather than trimming by gauge feel. Treat it as A2L throughout: ventilate the area, no brazing near an open charge, recovery and leak detection gear rated for it. Never substitute it into an R-134a circuit.",in_stock,,,https://home24care.com/products/11-lb-r1234yf-r-1234yf-refrigerant-gas-40-cylinders,,https://home24care.com/product-images/a4ae2f7280d9d2d1-feed.jpg?v=r2,8480.00 USD,,,,,40pcs R1234,Home24Care,Forty 11 lb cylinders — 440 lb of R-1234yf in one quantity,Single-component HFO with no glide and nothing to fractionate,A2L classification: mildly flammable and handled with rated recovery and detection gear,Charged by weight through a recovery recycle and recharge machine,,,,,,,,,new,no,,,,,,,,,,no,11 lb,,,,,,,,,"Hardware > Heating, Ventilation & Air Conditioning",Refrigerants & Gases > Bulk & Pallet Orders,US:::0.00 USD,,0,1,1,3
5pcs R1234,11 LB R1234yf (R-1234yf) Refrigerant Gas | 5 Cylinders,"Five 11 lb cylinders of R-1234yf — 55 lb of working stock for a shop charging mobile A/C through the cooling season, with mildly flammable handling in mind.
Five cylinders is working stock, not a single call. Charges come in bursts once the weather turns, and a shop that stops mid-bay to chase gas loses the afternoon rather than the job. Keep one feeding the recharge machine, one staged behind it, and enough depth to absorb a hot week. Swapping an empty for a full cylinder should not mean a trip to the supplier. Count what you charge in a week and let that set the reorder point.
Mobile air conditioning does most of the work. Car and light-truck systems built around this gas replaced R-134a designs as makers moved off high-GWP refrigerant, so newer vehicles increasingly arrive charged with it — though plenty of recent models still run R-134a, depending on market and model year. Read the service label before connecting. Some stationary chillers and heat pumps use it, and it turns up as a component in newer low-GWP blends. It is no drop-in for an R-134a circuit: service ports differ, and cross-charged gas becomes a recovery job.
A single-component hydrofluoro-olefin rather than an HFC: no glide, nothing to fractionate, so the liquid-charging discipline blends demand does not apply the same way. Charge by weight through recovery, recycle and recharge equipment regardless. Pressures sit broadly in R-134a territory, but the mild flammability changes the ground rules — ventilate, keep ignition sources clear, no brazing near an open charge, and use leak detection and recovery kit rated for flammable refrigerant. Store upright, secured and cool. Never recover into a tank holding something else.",in_stock,,,https://home24care.com/products/11-lb-r1234yf-r-1234yf-refrigerant-gas-5-cylinders,,https://home24care.com/product-images/9cae21459ba7b99d-feed.jpg?v=r2,1180.00 USD,,,,,5pcs R1234,Home24Care,Five 11 lb cylinders — 55 lb of R-1234yf per order,Single-component HFO — no glide and no fractionation,Mildly flammable — ventilate and keep ignition sources clear,For systems designed around R-1234yf — not an R-134a drop-in,,,,,,,,,new,no,,,,,,,,,,no,11 lb,,,,,,,,,"Hardware > Heating, Ventilation & Air Conditioning",Refrigerants & Gases > Bulk & Pallet Orders,US:::0.00 USD,,0,1,1,3
PZ-R1234F,11 lb R1234yf A2L Refrigerant Cylinder for Automotive A/C,"Product Overview

 R1234yf is an HFO refrigerant used in automotive air conditioning systems designed specifically for R1234yf. This 11 lb cylinder is intended for trained automotive service professionals working on compatible mobile air conditioning systems.

 Key Benefits

 

• 11 lb R1234yf refrigerant cylinder 

• For vehicles designed and labeled for R1234yf 

• Suitable for compatible mobile air conditioning 

• A2L refrigerant requiring dedicated service equipment 

• Designed for professional automotive A/C maintenance 
 
 Compatibility Notice

 Use R1234yf only in vehicles and equipment specifically designed for R1234yf. It must not be used as a retrofit refrigerant in R134A systems. Follow A2L safety procedures and use R1234yf-compatible recovery, charging and leak-detection tools.",in_stock,,,https://home24care.com/products/11lb-r1234yf-refrigerant-freon,,https://home24care.com/product-images/a4ae2f7280d9d2d1-feed.jpg?v=r2,570.00 USD,,,,,PZ-R1234F,Home24Care,• For vehicles designed and labeled for R1234yf,• Suitable for compatible mobile air conditioning,• A2L refrigerant requiring dedicated service equipment,• Designed for professional automotive A/C maintenance,,,,,,,,,new,no,,,,,,,,,,no,11 lb,,,,,,,,,"Hardware > Heating, Ventilation & Air Conditioning",Refrigerants & Gases > Commercial Refrigerants,US:::0.00 USD,30 lb,0,1,1,3
1234yf-gauge-20,1234yf Refrigerant Gauge,"A gauge for R-1234yf can work — reads charge pressure while topping up a motor-vehicle air-conditioning system.
A gauge sized for R-1234yf can work. It is the part that turns guesswork into a measurement: vehicle air-conditioning systems hold small charges and are genuinely sensitive to overfilling, so a few ounces past correct takes cooling away rather than adding it.
Intended for use with R-1234yf cans and their fitting. It contains no refrigerant itself — this listing is the tool alone.",in_stock,,,https://home24care.com/products/1234yf-refrigerant-gauge,,https://home24care.com/product-images/9b840f440b0dfb57-feed.jpg?v=r2,7.60 USD,,,,,1234yf-gauge-20,Home24Care,Gauge for R-1234yf can service,Reads charge pressure during top-up,For motor-vehicle air-conditioning work,Tool only — no refrigerant included,,,,,,,,,new,no,,,,,,,,,,no,,,,,,,,,,Hardware > Building Consumables > Chemicals,Refrigerants & Gases > Maintenance Supplies,US:::0.00 USD,,0,1,1,3
22 2.2lb,2.2lb R-22 Refrigerant,"A 2.2 lb cylinder of R-22 — a small charge for top-ups on equipment still running a refrigerant no longer in production.
A 2.2 lb cylinder of R-22, for the job that needs a few ounces rather than a few pounds. Small cylinders cost more per pound than bulk — that is packaging, and it is more pronounced on R-22 than on anything else here because the gas itself is scarce.
US production of R-22 ended under the phase-out, so all supply is pre-ban or reclaimed. If you are repeatedly topping up the same system, the leak is the expense rather than the refrigerant, and a retrofit blend may be the cheaper answer over a couple of seasons.",in_stock,,,https://home24care.com/products/2-2lb-r-22-refrigerant,,https://home24care.com/product-images/61f5f9896144126e-feed.jpg?v=r2,140.00 USD,,,,,22 2.2lb,Home24Care,2.2 lb cylinder,Small charge for top-up work,HCFC — US production ended under the phase-out,For service of existing R-22 equipment,,,,,,,,,new,no,,,,,,,,,,no,2.2 lb,,,,,,,,,"Hardware > Heating, Ventilation & Air Conditioning",Refrigerants & Gases > Legacy Refrigerants,US:::0.00 USD,,0,1,1,3
PZ-32,20.9 lb R32 Refrigerant Cylinder for Air Conditioning Systems,"Product Overview

 R32 is a single-component HFC refrigerant used in residential and commercial air conditioning equipment designed specifically for R32. This 20.9 lb cylinder is intended for trained professionals servicing compatible R32 air conditioning and heat pump systems.

 Key Benefits

 

• 20.9 lb R32 refrigerant cylinder 

• For equipment designed and labeled for R32 

• Suitable for compatible air conditioning systems 

• Single-component refrigerant with A2L classification 

• Intended for professional A2L refrigerant service 
 
 Compatibility Notice

 Use R32 only in equipment specifically designed for R32. Do not use it in R410A, R22, R454B or other systems. R32 is an A2L refrigerant, so trained technicians must use compatible tools and follow all applicable safety procedures.",in_stock,,,https://home24care.com/products/r32-freon-refrigerant,,https://home24care.com/product-images/c4212e7ead45a490-feed.jpg?v=r2,230.00 USD,,,,,PZ-32,Home24Care,• For equipment designed and labeled for R32,• Suitable for compatible air conditioning systems,• Single-component refrigerant with A2L classification,• Intended for professional A2L refrigerant service,,,,,,,,,new,no,,,,,,,,,,no,20.9 lb,,,,,,,,,"Hardware > Heating, Ventilation & Air Conditioning",Refrigerants & Gases > Commercial Refrigerants,US:::0.00 USD,30 lb,0,1,1,3
PZ-32,20.9LB R32 (R-32) Refrigerant Gas,"1 cylinder of R-32 at 20.9 lb: a single-component HFC, mildly flammable, for mini-splits and other split-system equipment built and labelled for R-32.
Difluoromethane sold as R-32, in 1 cylinder holding 20.9 lb. A single compound rather than a blend, so there is no temperature glide and nothing fractionates in the cylinder. Vapour draw will not shift the composition of what stays behind, which means a partial top-up leaves the remaining charge on spec. Charge it as vapour or as liquid; composition holds either way, unlike a blend that has to leave the cylinder as liquid.
Mildly flammable, so the work changes: leak detection rated for flammable refrigerant, recovery equipment cleared for it, ignition sources controlled, and ventilation taken from low down because the vapour is heavier than air. It is a high-pressure refrigerant, and service gear has to be rated for the pressures the system runs at. Treat it as its own refrigerant rather than a drop-in for R-410A — it belongs in equipment built and labelled for R-32.
Equipment designed for R-32 has taken over from R-410A models across parts of the split-system market, part of the wider move away from higher-GWP HFCs — the same regulatory direction that ended R-22 production in the US. Check the data plate before connecting. Normal compressed-gas practice covers the rest: keep the cylinder upright and secured, away from heat, and never mix recovered refrigerant into a cylinder holding something else.",in_stock,,,https://home24care.com/products/20-9lb-r32-r-32-refrigerant-gas,,https://home24care.com/product-images/c4212e7ead45a490-feed.jpg?v=r2,98.00 USD,,,,,PZ-32,Home24Care,1 cylinder — 20.9 lb of R-32 (difluoromethane),Single-component HFC — no glide and no fractionation,Charges as vapour or as liquid without shifting composition,Mildly flammable — rated leak detection and recovery gear required,,,,,,,,,new,no,,,,,,,,,,no,20.9 lb,,,,,,,,,"Hardware > Heating, Ventilation & Air Conditioning",Refrigerants & Gases > HVAC Refrigerants,US:::0.00 USD,,0,1,1,3
10pcs R32,20.9LB R32 (R-32) Refrigerant Gas | 10 Cylinders,"Ten cylinders of R-32 at 20.9 lb each — 209 lb of refrigerant in total, for equipment built and labelled for R-32 rather than retrofitted to it.
Difluoromethane, sold as R-32, runs in ductless and multi-split equipment built for it — much of that equipment previously took R-410A. When a line set runs longer than the length the unit was factory-charged for, the installer tops it up to the figure in the charging data. So commissioning new kit draws refrigerant even when nothing has leaked. 10 cylinders at 20.9 lb each comes to 209 lb of refrigerant.
Because it is a single compound, there is no glide and nothing to fractionate. Drawing vapour does not shift the composition of what is left in the cylinder, so a partial top-up still leaves the charge on spec. Liquid metered into the low side through a throttling valve moves weight in faster than vapour will. Either way, weigh the charge against the figure the equipment maker gives.
The A2L classification means mildly flammable, and the handling follows from that. Use leak detection rated for flammable refrigerants and keep ignition sources out of the work area. Ventilate it properly: the vapour is heavier than air and will collect low in a space, so air movement is what clears a leak rather than what spreads it. Recovery gear has to be cleared for A2L work. Store cylinders upright, restrained, away from heat and out of direct sun.",in_stock,,,https://home24care.com/products/20-9lb-r32-r-32-refrigerant-gas-10-cylinders,,https://home24care.com/product-images/591f3753355e8e62-feed.jpg?v=r2,900.00 USD,,,,,10pcs R32,Home24Care,10 cylinders at 20.9 lb each — 209 lb of R-32 in total,Single-component HFC — no glide and no fractionation,A2L mildly flammable — rated leak detection and A2L-cleared recovery,Ventilate the work area — the vapour is heavier than air and collects low,,,,,,,,,new,no,,,,,,,,,,no,20.9 lb,,,,,,,,,"Hardware > Heating, Ventilation & Air Conditioning",Refrigerants & Gases > Bulk & Pallet Orders,US:::0.00 USD,,0,1,1,3
20pcs R32,20.9LB R32 (R-32) Refrigerant Gas | 20 Cylinders,"Twenty 20.9 lb cylinders of R-32: 418 lb of single-component A2L HFC, bought to the limits of the store you actually have rather than the wish list.
Twenty cylinders is a storage decision before it is a purchase. R-32 is classed A2L, mildly flammable, and for storage and transport it is handled as a flammable gas. The vapour is heavier than air and pools low. How much a shop may keep indoors, what ventilation is called for and what separation from ignition sources applies all come from the fire and building code your local authority enforces, so check yours. Cylinders upright, restrained, out of sun and heat. A caged outdoor store changes the answer.
Total charge is 418 lb across twenty 20.9 lb cylinders. How long that lasts depends on your own job mix, so count the charges your crews actually put in and size the buy against that. Treat it as stock in motion either way: oldest cylinders to the front of the cage, newest behind, and a written count so you know what is spoken for. HFC production and import sit under a phase-down, which is why holding stock is a live question at all.
Difluoromethane is a single compound, not a blend, so there is no glide and nothing fractionates. Vapour draw will not shift what is left in the cylinder, and a partial top-up stays on-spec. Metering liquid into the low side still keeps a weighed charge honest. Pressures sit in the R-410A class, a shade above, but this is no drop-in: different flammability class, different service practice, equipment labelled for R-32. A2L service guidance points one way, to rated leak detection, recovery and vacuum gear cleared for A2L, and no brazing near an open charge.",in_stock,,,https://home24care.com/products/20-9lb-r32-r-32-refrigerant-gas-20-cylinders,,https://home24care.com/product-images/c81ce3d8d6e5605a-feed.jpg?v=r2,1720.00 USD,,,,,20pcs R32,Home24Care,20 cylinders at 20.9 lb each for 418 lb total,Single-component HFC with no glide and no fractionation,A2L mildly flammable and handled as a flammable gas for storage,Indoor quantity and ventilation set by the fire code your authority enforces,,,,,,,,,new,no,,,,,,,,,,no,20.9 lb,,,,,,,,,"Hardware > Heating, Ventilation & Air Conditioning",Refrigerants & Gases > Bulk & Pallet Orders,US:::0.00 USD,,0,1,1,3
30pcs R32,20.9LB R32 (R-32) Refrigerant Gas | 30 Cylinders,"Thirty cylinders of R-32 at 20.9 lb each, 627 lb in total — a single order sized for a multi-unit fit-out rather than weekly top-ups.
Sized for a programme, not a shelf. The total on the order is 627 lb of R-32, split across 30 cylinders at 20.9 lb each. Build the charge requirement off the equipment schedule — mini-split and fan-coil counts come off the drawings long before the first crew arrives — then add an allowance for commissioning losses and order against that figure instead of topping up week by week.
Plan where it lands before the delivery date. Cylinders belong upright, restrained, ventilated at low level, out of direct sun and clear of general site traffic. Check site access and who receives the consignment, because refrigerant moves as dangerous goods and someone has to sign for it. For transport and storage this is a flammable gas — that is the part that catches shops used to non-flammable HFCs. The store has to suit the class, not only the weight.
Being a single compound, R-32 has no glide and will not fractionate, so vapour draw and partial top-ups leave what remains on spec; follow the equipment maker's charging instructions. Gauges, hoses, recovery kit and leak detection all need approval for flammable refrigerant — R-410A pressure ratings alone do not cover recovery. Keep brazing away from an open charge. The AIM Act phase-down keeps stepping down while the installed base grows, and R-22 showed how that story runs.",in_stock,,,https://home24care.com/products/20-9lb-r32-r-32-refrigerant-gas-30-cylinders,,https://home24care.com/product-images/e3deb4285ccf8744-feed.jpg?v=r2,2520.00 USD,,,,,30pcs R32,Home24Care,627 lb of R-32 across 30 cylinders at 20.9 lb each,Single-component HFC with no glide and no fractionation on draw-down,Mildly flammable class — transported and stored as a flammable gas,Recovery kit and leak detection must be approved for flammable refrigerant,,,,,,,,,new,no,,,,,,,,,,no,20.9 lb,,,,,,,,,"Hardware > Heating, Ventilation & Air Conditioning",Refrigerants & Gases > Bulk & Pallet Orders,US:::0.00 USD,,0,1,1,3
40pcs R32,20.9LB R32 (R-32) Refrigerant Gas | 40 Cylinders,"Forty 20.9 lb cylinders of R-32, 836 lb of difluoromethane held as a block against the HFC phasedown rather than bought for a job already on the board.
Forty cylinders is a holding position, not a week's work. Buy at this depth and you are buying against the phasedown, not against a job already on the board. HFC production and import allowances step down over time, and R-32 sits under that ceiling. The same molecule is a building block in the HFC and HFO blends going into new equipment, so its relevance does not stop at straight R-32 machines.
Sort out where 836 lb is going to sit before it turns up. At this volume the storage has to satisfy flammable-gas rules, because that is how an A2L is classed for transport and storage. Shops used to non-flammable HFCs get caught out by that. Keep cylinders upright, restrained, out of direct sun and away from heat. Rotate stock so nothing sits forgotten at the back, and keep your own count of what has gone out.
Difluoromethane is one compound, not a blend, so there is no glide and nothing to fractionate. A partial top-up leaves the rest of the charge on-spec. Metered liquid into the low side still lands the charge weight accurately, though a single component does not force you into it to protect composition. Pressures sit above R-410A, so R-410A-rated gauges, hoses and recovery gear are the floor, plus leak detection cleared for A2L. It is not a drop-in. This goes into equipment specified and labelled for it. Ventilate low. Never vent it.",in_stock,,,https://home24care.com/products/20-9lb-r32-r-32-refrigerant-gas-40-cylinders,,https://home24care.com/product-images/88df21a9eb7db8c0-feed.jpg?v=r2,3184.00 USD,,,,,40pcs R32,Home24Care,40 cylinders of 20.9 lb each for 836 lb total,Single-component HFC with no glide and nothing to fractionate,A2L: mildly flammable and classed as a flammable gas for transport and storage,Not a drop-in for R-410A systems,,,,,,,,,new,no,,,,,,,,,,no,20.9 lb,,,,,,,,,"Hardware > Heating, Ventilation & Air Conditioning",Refrigerants & Gases > Bulk & Pallet Orders,US:::0.00 USD,,0,1,1,3
5pcs R32,20.9LB R32 (R-32) Refrigerant Gas | 5 Cylinders,"Five cylinders of R-32 at 20.9 lb each — 104.5 lb of difluoromethane for factory R-32 equipment, handled throughout as a mildly flammable refrigerant.
Five cylinders at 20.9 lb apiece puts 104.5 lb of R-32 on the shelf — a stocking quantity rather than a job-by-job buy. A cylinder that size is light enough to carry by hand, so the stock splits across vehicles or stays in the stores as it suits you. Keep them upright and restrained, away from heat, and clear of anything that could act as an ignition source.
Difluoromethane is not a blend: no temperature glide and nothing to fractionate. Vapour draw will not shift the composition of what stays in the cylinder, and a partial top-up leaves the rest on spec, so the liquid-charging discipline a blend demands does not apply here. Follow the equipment maker's charging method and weigh the charge in — pressure readings alone will not tell you where a mini-split sits.
Factory R-32 equipment only. It is not a drop-in for R-410A: the flammability class differs, and so does the machine built around the refrigerant. Mildly flammable means leak detection rated for flammable refrigerant, a recovery machine cleared for it, ignition sources controlled, and ventilation taken at low level because the vapour is heavier than air and pools. Recover into a dedicated cylinder. Venting is prohibited.",in_stock,,,https://home24care.com/products/20-9lb-r32-r-32-refrigerant-gas-5-cylinders,,https://home24care.com/product-images/cfe08c56f4878e38-feed.jpg?v=r2,470.00 USD,,,,,5pcs R32,Home24Care,Five cylinders at 20.9 lb each — 104.5 lb of R-32 in total,Difluoromethane is not a blend — no glide and nothing to fractionate,Vapour draw leaves the refrigerant still in the cylinder on spec,Factory R-32 equipment only — not a drop-in for R-410A,,,,,,,,,new,no,,,,,,,,,,no,20.9 lb,,,,,,,,,"Hardware > Heating, Ventilation & Air Conditioning",Refrigerants & Gases > Bulk & Pallet Orders,US:::0.00 USD,,0,1,1,3
pz-R454,22 lb R454B A2L Refrigerant Cylinder for HVAC & Heat Pumps,"Product Overview

 R454B is an HFO/HFC refrigerant blend developed for new air conditioning, heat pump and chiller equipment designed as a lower-GWP alternative to R410A. This 22 lb cylinder is intended for professional service of compatible R454B systems.

 Key Benefits

 

• 22 lb R454B refrigerant cylinder 

• For new equipment designed and labeled for R454B 

• Suitable for compatible air conditioning and heat pumps 

• Used in approved reversible chillers and HVAC systems 

• A2L refrigerant intended for trained professionals 
 
 Compatibility Notice

 Use R454B only in equipment specifically designed for R454B. Do not charge it into an existing R410A system unless the equipment manufacturer explicitly approves the application. Follow all A2L handling, ventilation and tool requirements.",in_stock,,,https://home24care.com/products/22lb-r454b-refrigerant-freon,,https://home24care.com/product-images/cfce9cbc111fc275-feed.jpg?v=r2,530.00 USD,,,,,pz-R454,Home24Care,• For new equipment designed and labeled for R454B,• Suitable for compatible air conditioning and heat pumps,• Used in approved reversible chillers and HVAC systems,• A2L refrigerant intended for trained professionals,,,,,,,,,new,no,,,,,,,,,,no,22 lb,,,,,,,,,"Hardware > Heating, Ventilation & Air Conditioning",Refrigerants & Gases > Commercial Refrigerants,US:::0.00 USD,30 lb,0,1,1,3
pz-R454,22LB R454B (R-454B) Refrigerant Gas,"One 22 lb cylinder of R-454B — the R-32 and R-1234yf blend that replaced R-410A in new equipment, charged as a liquid and mildly flammable.
R-454B is a blend of R-32 and R-1234yf, brought in to replace R-410A as new equipment moved off it. Much of the ducted split, heat pump, packaged and rooftop kit now listed for mildly flammable refrigerant leaves the factory charged with it, though other blends in the same safety class are also in use — read the data plate before you connect anything. Most of the work is commissioning, post-install adjustment, leak repair and warranty calls.
It is not a drop-in for an existing R-410A system. The machine has to be designed for a mildly flammable refrigerant, with the leak detection and listed components to match. Charge it as a liquid: drawing vapour off a blend shifts what is left in the cylinder, so meter liquid in, throttle at the gauge set and weigh the charge. System-side pressures sit in the R-410A class, so hoses, gauges and recovery gear must be rated for it.
Ventilate the space, keep flame and ignition sources away from a purge or a leak, and recover into cylinders kept for this blend alone — if you suspect a cylinder has been cross-filled, set it aside rather than charging from it. Keep stock out of direct heat and strapped down in the van. How far one 22 lb cylinder goes depends on the equipment in front of you, so work from the charge weight on the data plate, not the cylinder size.",out_of_stock,,,https://home24care.com/products/22lb-r454b-r-454b-refrigerant-gas,,https://home24care.com/product-images/b05056c2778b15d2-feed.jpg?v=r2,227.60 USD,,,,,pz-R454,Home24Care,One 22 lb cylinder of R-454B,An R-32 and R-1234yf blend that replaced R-410A in new equipment,Liquid charge only — weigh the charge rather than topping off by pressure,Mildly flammable: ventilate and keep ignition sources clear,,,,,,,,,new,no,,,,,,,,,,no,22 lb,,,,,,,,,"Hardware > Heating, Ventilation & Air Conditioning",Refrigerants & Gases > HVAC Refrigerants,US:::0.00 USD,,0,1,1,3
10pcs R454,22LB R454B (R-454B) Refrigerant Gas | 10 Cylinders,"Ten 22 lb cylinders of R-454B, 220 lb in total: the pack size where a mildly flammable refrigerant becomes shop stock rather than a per-job buy.
Ten cylinders is where refrigerant stops being a per-job purchase and starts being stock. Work out before the pack lands which cylinders ride in the vans and which stay on the shelf, then log what each van takes. Untracked cylinders are how a shop ends up short in the middle of a heatwave. Reorder off your own usage record, not off an empty rack.
Storage is the other half of the job. Upright, secured so nothing can fall, valve caps fitted, out of direct sun and away from heat or ignition sources. Ventilated space only — never a sealed cupboard or a cellar. How much mildly flammable refrigerant may sit indoors is set by local code rather than by the supplier, so check your own jurisdiction before stock arrives. Count the cylinders in against the paperwork and look them over for damage.
R-454B blends R-32 with R-1234yf and is aimed at R-410A replacement in new splits, heat pumps, packaged units and rooftops listed for mildly flammable refrigerant. Charge liquid only and weigh it in; drawing vapour off a blend shifts the composition left in the cylinder. Operating pressures sit close to R-410A, so gauges, hoses and recovery gear must match and must be rated for a mildly flammable gas. It is not a drop-in for an existing R-410A system.",out_of_stock,,,https://home24care.com/products/22lb-r454b-r-454b-refrigerant-gas-10-cylinders,,https://home24care.com/product-images/5a38856217659b95-feed.jpg?v=r2,2196.00 USD,,,,,10pcs R454,Home24Care,R-454B is blended from R-32 and R-1234yf — mildly flammable and not a drop-in for R-410A,22 lb cylinders — 10 in this listing — 220 lb of refrigerant in total,Liquid charge only — weigh the charge in rather than topping off by pressure,Store upright and secured with caps fitted in a ventilated space out of the sun,,,,,,,,,new,no,,,,,,,,,,no,22 lb,,,,,,,,,"Hardware > Heating, Ventilation & Air Conditioning",Refrigerants & Gases > Bulk & Pallet Orders,US:::0.00 USD,,0,1,1,3
20pcs R454,22LB R454B (R-454B) Refrigerant Gas | 20 Cylinders,"Twenty 22 lb cylinders of R-454B — 440 lb of refrigerant in one order of the mildly flammable blend that replaced R-410A in new splits and heat pumps.
Plan where 440 lb of refrigerant lands before it ships. Twenty cylinders is a store rather than a van load, so set aside a staging spot where they can sit secured and clear of work traffic. Confirm the delivery method and what the site needs to receive the consignment before the order moves. Stock at this volume also wants counting and issuing — crews drawing from one store should be signing gas out, not guessing what is left.
Storage is the real constraint at this tier. R-454B is mildly flammable, so check with your local fire authority how much the building is permitted to hold indoors before the order arrives. Cylinders stay upright, secured, capped and out of direct sun, in a ventilated space with ignition sources well clear. Keep the store away from pits and drains, since the vapour is heavier than air and will settle low.
This is the R-32 and R-1234yf blend that replaced R-410A in new splits, heat pumps, packaged units and rooftops built for mildly flammable refrigerants. It is not a drop-in for an existing R-410A system. Charge liquid only — the blend carries glide, so meter liquid in, throttle at the gauge set and weigh what goes in rather than trimming on pressure. Operating pressures sit in the R-410A class, so rated hoses, gauges and recovery gear apply. Recover into dedicated cylinders and never cross-fill.",out_of_stock,,,https://home24care.com/products/22lb-r454b-r-454b-refrigerant-gas-20-cylinders,,https://home24care.com/product-images/b8f02dc9043a0295-feed.jpg?v=r2,4312.00 USD,,,,,20pcs R454,Home24Care,Refrigerant R-454B — an R-32 and R-1234yf blend that is mildly flammable,20 cylinders at 22 lb each — 440 lb of refrigerant in total,Liquid charge only — weigh the charge instead of trimming on pressure,Replaces R-410A in new equipment but is not a drop-in for it,,,,,,,,,new,no,,,,,,,,,,no,22 lb,,,,,,,,,"Hardware > Heating, Ventilation & Air Conditioning",Refrigerants & Gases > Bulk & Pallet Orders,US:::0.00 USD,,0,1,1,3
30pcs R454,22LB R454B (R-454B) Refrigerant Gas | 30 Cylinders,"Thirty 22 lb cylinders of R-454B, 660 lb of refrigerant in total, sized for programme work: new build phases, multi-unit rollouts and planned changeout campaigns.
Thirty cylinders is programme stock, not truck stock. It suits new construction phases, multi-unit rollouts and planned changeout campaigns, where charge is scheduled against a build calendar instead of ordered the morning a condenser dies. Book the gas against that calendar and the phases that need it are covered before the crews reach them. Stage the draw-down by crew so each phase leaves the yard with a known count and comes back reconciled.
R-454B blends R-32 with R-1234yf and took over from R-410A in new ducted splits, heat pumps, packaged units and rooftops built and listed for A2L service. It is not a drop-in for existing R-410A equipment. Charge liquid only. The blend carries glide, so drawing vapour off a cylinder changes what stays behind. Throttle at the gauge set and weigh the charge in rather than topping off by pressure. Match the lubricant to what the equipment manufacturer specifies, keep it capped, and keep the system dry.
Storage decides how much of this you should hold at a time. Cylinders in a compliant ventilated space are a buffer; the same cylinders in a corridor are a code violation, and indoor quantity limits for mildly flammable refrigerant sit with local fire code. Settle that before the order arrives, not after. Sort out the receiving end too: confirm with the seller how 660 lb will arrive and who is handling it when it does.",out_of_stock,,,https://home24care.com/products/22lb-r454b-r-454b-refrigerant-gas-30-cylinders,,https://home24care.com/product-images/767c5357e4bb3297-feed.jpg?v=r2,6228.00 USD,,,,,30pcs R454,Home24Care,Thirty 22 lb cylinders for 660 lb of R-454B in total,Liquid charge only and weighed in rather than trimmed on pressure,Not a drop-in for existing R-410A equipment,A2L mildly flammable: ventilate and keep ignition sources clear of a purge,,,,,,,,,new,no,,,,,,,,,,no,22 lb,,,,,,,,,"Hardware > Heating, Ventilation & Air Conditioning",Refrigerants & Gases > Bulk & Pallet Orders,US:::0.00 USD,,0,1,1,3
40pcs R454,22LB R454B (R-454B) Refrigerant Gas | 40 Cylinders,"Forty 22 lb cylinders, 880 lb of R-454B in one order — stock for a shop running A2L equipment, not a single-job purchase.
Forty cylinders is an inventory decision, not a job purchase. More A2L equipment ships each season, so the charge a shop gets through over a year climbs with it. Work out your turnover before committing: if the 880 lb will not move inside a sensible stocking window, buy smaller. Treat the lot as warehouse stock — racked upright and secured, rotated first in first out, cylinder identities logged against the jobs they charge.
Receiving needs planning at this volume. Confirm how the lot is packed and how it will arrive before it ships; if it moves as freight, book a delivery window and have unloading sorted in advance. Flammable-gas cylinders travel as dangerous goods, so the paperwork gets filed rather than binned. Indoor storage quantities for a mildly flammable refrigerant sit under local fire code — clear the figure with the authority having jurisdiction before the gas lands, not after.
On the equipment side, R-454B is one of the A2L blends OEMs moved to for new ducted splits, heat pumps, packaged units and rooftops; R-32 turns up in the same roles. It is not a drop-in for an R-410A system. Charge liquid only and weigh it in, since the blend glides and vapour draw shifts the composition left in the cylinder. Pressures sit in R-410A territory, so use gauges, hoses and recovery gear rated for that service. Keep ignition sources clear of a purge or a leak.",out_of_stock,,,https://home24care.com/products/22lb-r454b-r-454b-refrigerant-gas-40-cylinders,,https://home24care.com/product-images/cfce9cbc111fc275-feed.jpg?v=r2,7920.00 USD,,,,,40pcs R454,Home24Care,40 cylinders at 22 lb each — 880 lb of R-454B in the listing,Liquid charge only; weigh the charge instead of trimming on pressure,A2L mildly flammable: store upright and secured out of direct sun,Pressures in R-410A territory — gauges and hoses rated for that service,,,,,,,,,new,no,,,,,,,,,,no,22 lb,,,,,,,,,"Hardware > Heating, Ventilation & Air Conditioning",Refrigerants & Gases > Bulk & Pallet Orders,US:::0.00 USD,,0,1,1,3
5pcs R454,22LB R454B (R-454B) Refrigerant Gas | 5 Cylinders,"Five 22 lb cylinders of R-454B — 110 lb of the R-32 and R-1234yf blend, for new splits, heat pumps and packaged units listed for a mildly flammable charge.
Five cylinders at 22 lb each, 110 lb of R-454B in total. The blend is R-32 and R-1234yf: mildly flammable, low toxicity. It charges new residential and light commercial splits, heat pumps, packaged units and rooftops listed for a mildly flammable charge. Equipment makers reached for it as newly built air conditioning gear in several sectors moved off R-410A, so more of what you meet in the field takes this charge.
Not a drop-in for an older R-410A system: that equipment was never built around a flammable charge. Charge this one as liquid. The blend carries some glide, so drawing vapour off the cylinder shifts what stays behind — meter liquid in, throttle at the gauge set, and weigh the charge rather than topping off by pressure. Pressures sit in the same class as R-410A, so high-pressure hoses, gauges and recovery gear want a rating for mildly flammable refrigerants, plus the usual POE discipline.
Recover into dedicated cylinders and never cross-fill — a contaminated blend cannot be put right in the field. Cylinders stay upright and secured, out of direct sun, clear of ignition sources. Mildly flammable refrigerants also carry storage and handling rules of their own, so confirm what applies at your premises. Field lineage here runs R-22, whose US production has ended, then R-410A, and now this.",out_of_stock,,,https://home24care.com/products/22lb-r454b-r-454b-refrigerant-gas-5-cylinders,,https://home24care.com/product-images/6e4caeaead0a8e9c-feed.jpg?v=r2,1118.00 USD,,,,,5pcs R454,Home24Care,5 cylinders at 22 lb each — 110 lb of R-454B in total,Blend of R-32 and R-1234yf — mildly flammable with low toxicity,Liquid charge only — weigh it in rather than topping off by pressure,For new splits and heat pumps and packaged units listed for a mildly flammable charge,,,,,,,,,new,no,,,,,,,,,,no,22 lb,,,,,,,,,"Hardware > Heating, Ventilation & Air Conditioning",Refrigerants & Gases > Bulk & Pallet Orders,US:::0.00 USD,,0,1,1,3
686114002029,22lb Solstice EZ-Flush HVAC System Cleaner,"A 22 lb cylinder of Honeywell Solstice EZ-Flush, a non-ozone-depleting flushing solvent for HVAC and refrigeration line sets.
This is a cleaner, not a refrigerant. Solstice EZ-Flush is a flushing solvent for clearing residue out of HVAC and refrigeration line sets — the job you do after a compressor burnout, or before a retrofit, when whatever is left in the copper would otherwise contaminate the new charge.
It is a Honeywell Solstice product in a 22 lb cylinder, and it is non-ozone-depleting. Flush the line set, purge it properly and let it dry before you pull a vacuum; solvent left behind in a system is a problem of its own rather than a clean start.",in_stock,,,https://home24care.com/products/22lb-solstice-ez-flush-hvac-system-cleaner,,https://home24care.com/product-images/03de0ccdb942b0fe-feed.jpg?v=r2,179.60 USD,,,,,686114002029,Honeywell,22 lb cylinder,Honeywell Solstice product,Non-ozone-depleting flushing solvent,For line-set cleaning after burnout or before retrofit,,,,,,,,,new,no,,,,,,,,,,no,22 lb,,,,,,,,,Hardware > Building Consumables > Chemicals,Refrigerants & Gases > Maintenance Supplies,US:::0.00 USD,,0,1,1,3
PZ-404,24 lb R404A Refrigerant Cylinder for Commercial Refrigeration,"Product Overview

 R404A is a near-azeotropic HFC blend used in compatible medium- and low-temperature refrigeration systems. This 24 lb cylinder is suitable for professional service of commercial equipment designed and labeled for R404A.

 Key Benefits

 

• 24 lb R404A refrigerant cylinder 

• For medium- and low-temperature refrigeration 

• Suitable for compatible display cases and cold rooms 

• Used in approved ice machines and transport refrigeration 

• Designed for professional refrigeration service 
 
 Compatibility Notice

 Use R404A only in equipment designed for R404A. Do not mix it with R507A, R407A, R448A, R449A or other refrigerants. A conversion to another refrigerant must follow the equipment manufacturer's retrofit instructions.",in_stock,,,https://home24care.com/products/24lb-r404a-refrigerant-freon-tank-cylinders-for-refrigeration-equipment,,https://home24care.com/product-images/306525c015eaf3c2-feed.jpg?v=r2,210.00 USD,,,,,PZ-404,Home24Care,• For medium- and low-temperature refrigeration,• Suitable for compatible display cases and cold rooms,• Used in approved ice machines and transport refrigeration,• Designed for professional refrigeration service,,,,,,,,,new,no,,,,,,,,,,no,24 lb,,,,,,,,,"Hardware > Heating, Ventilation & Air Conditioning",Refrigerants & Gases > Commercial Refrigerants,US:::0.00 USD,30 lb,0,1,1,3
r404a-refrigerants-24lb-58,"24lb R-404A Refrigerant, Factory Sealed, 100% Virgin – USA Brand","Twenty-four pounds of R-404A from a USA brand, factory sealed and 100 percent virgin. The cylinder has not been opened or decanted since it was filled, which is the practical difference between this listing and the reclaimed R-404A sold alongside it at the same 24-pound size.
Home24Care lists it under commercial refrigerants for professional use, and it is described as compliant with EPA regulations. Twenty-four pounds is the cylinder size the store carries across its R-404A range.",in_stock,,,https://home24care.com/products/24lb-r-404a-refrigerant-factory-sealed-100-virgin-usa-brand,,https://home24care.com/product-images/f3ff825e0e0977fe-feed.jpg?v=r2,190.00 USD,,,,,r404a-refrigerants-24lb-58,Home24Care,"At igvagas, we provide premium R-404A Commercial Refrigerant solutions for HVAC, automotive, and commercial refrigeration systems. Our products are:",✓ Factory sealed and virgin,✓ Made in USA – Highest quality standards,✓ Certified and compliant with EPA regulations,,,,,,,,,new,no,,,,,,,,,,no,24 lb,,,,,,,,,"Hardware > Heating, Ventilation & Air Conditioning",Refrigerants & Gases > Commercial Refrigerants,US:::0.00 USD,34 lb,0,1,1,3
24lb-r-404a-refrigerant-factory-sealed-4,"24lb R-404A Refrigerant, Reclaimed","A 24 lb cylinder of reclaimed R-404A for commercial refrigeration service.
Reclaimed R-404A in a 24 lb cylinder: gas recovered from service and reprocessed to purity specification rather than newly produced. For routine refrigeration service this does the same work as virgin product, and reclaimed supply is a large part of why phase-down-affected refrigerants remain obtainable.
R-404A is a blend, so charge liquid. It is the standing charge in a great many walk-ins, reach-ins and supermarket racks, and remains the simplest answer when the task is to top up existing equipment rather than convert it.",in_stock,,,https://home24care.com/products/24lb-r-404a-refrigerant-reclaimed,,https://home24care.com/product-images/8c9a99f5d356cba6-feed.jpg?v=r2,95.60 USD,,,,,24lb-r-404a-refrigerant-factory-sealed-4,Home24Care,24 lb cylinder,Reclaimed refrigerant — reprocessed to purity specification,Low- and medium-temperature commercial refrigeration,Blend — liquid charge only,,,,,,,,,new,no,,,,,,,,,,no,24 lb,,,,,,,,,"Hardware > Heating, Ventilation & Air Conditioning",Refrigerants & Gases > Commercial Refrigerants,US:::0.00 USD,,0,1,1,3
404a RECOVERED,"24lb R-404A Refrigerant, Reclaimed, California Compliant – Made in USA","A 24 lb cylinder of reclaimed R-404A, processed to specification and stated as California compliant.
Reclaimed R-404A: refrigerant recovered from service and reprocessed to purity specification rather than newly manufactured. For commercial refrigeration work this is the same gas doing the same job, and reclaimed stock is what keeps phase-down-affected refrigerants available at all.
This cylinder is listed as California compliant, which matters because some states restrict sales of virgin high-GWP refrigerant while continuing to permit reclaimed. If you are servicing equipment in a state with those rules, that distinction is the whole reason to choose this cylinder. Confirm the current requirement for your state before ordering.",in_stock,,,https://home24care.com/products/24lb-r-404a-refrigerant-reclaimed-california-compliant-made-in-usa,,https://home24care.com/product-images/f0930c1f860e2066-feed.jpg?v=r2,100.00 USD,,,,,404a RECOVERED,Home24Care,24 lb cylinder,Reclaimed refrigerant — reprocessed to purity specification,Stated California compliant,Made in USA,,,,,,,,,new,no,,,,,,,,,,no,24 lb,,,,,,,,,"Hardware > Heating, Ventilation & Air Conditioning",Refrigerants & Gases > Commercial Refrigerants,US:::0.00 USD,,0,1,1,3
PZ-404,24LB R404A (R-404A) Refrigerant Gas,"One 24 lb cylinder of R-404A for the job in front of you — a liquid-charged blend for walk-in freezers, display cases and rack systems still running it.
One cylinder, 24 lb, for the job on the board today. Freezer down, leak traced and repaired, system into vacuum, charge weighed in, truck loaded and gone. Fit a fresh drier while you are in there. Polyolester is common across this installed base and pulls moisture straight out of the air, though mineral-oil and alkylbenzene retrofits are still out there — check what the machine holds before you commit to a charge.
Zeotropic blend — R-125, R-143a and R-134a — so liquid and vapour in the cylinder are not the same mix. Charge liquid. Throttle into the suction side of a running machine, or weigh into the high side with the system off. Invert the cylinder if it will not draw liquid upright. Glide puts the dew point and the bubble point apart at one pressure: superheat off the dew point column, subcooling off the bubble point. Repair a leak and weigh in a fresh charge rather than topping up. Gauges and hoses want a high-pressure HFC rating.
This gas arrived as the service replacement for R-502 and took over the low-temp work as R-22 wound down. New kit specifies blends such as R-448A and R-449A now, but the installed base still wants charge gas. Ordering 1 cylinder keeps it simple: enough for the repair in hand, nothing restricted left sitting on a shelf, and no part-used cylinder rattling round the van for months.",in_stock,,,https://home24care.com/products/24lb-r404a-r-404a-refrigerant-gas,,https://home24care.com/product-images/bd716f4d45b8a7bf-feed.jpg?v=r2,96.00 USD,,,,,PZ-404,Home24Care,24 lb cylinder — 1 cylinder in this listing,Zeotropic blend — charge liquid and never draw vapour off it,Superheat off the dew point column — subcooling off the bubble point,Weigh in a fresh charge after a repair instead of topping up,,,,,,,,,new,no,,,,,,,,,,no,24 lb,,,,,,,,,"Hardware > Heating, Ventilation & Air Conditioning",Refrigerants & Gases > Commercial Refrigerants,US:::0.00 USD,,0,1,1,3
10pcs R404,24LB R404A (R-404A) Refrigerant Gas | 10 Cylinders,"Ten 24 lb cylinders of R-404A, 240 lb total: count them in, store them upright and secured, charge liquid only, and log each cylinder out by job.
R-404A replaced R-502 in low- and medium-temperature commercial refrigeration — supermarket packs, walk-ins, transport units — and that installed base is still running. Receiving is the first job. Count the cylinders against the 10 on the order and look each one over for transit damage before anyone signs. Write anything wrong on the paperwork while the driver is still in the yard. If the delivery comes in on a booked window, have somebody on site who can take it.
Storage next. Cylinders stand upright and secured against tipping, somewhere cool and dry, clear of exits, drains and any ignition source — a compressed-gas cage if the shop has one. Then log them. 240 lb is a stock holding rather than one job's charge, so book each cylinder out against the machine it goes to. That keeps the stock count and the service records in step, and a system that keeps needing topping up reads as a leak rather than a habit.
Charging is liquid only. The gas is a blend of R-125, R-143a and R-134a, so vapour drawn off the top shifts the mix in both the system and the cylinder. Meter liquid slowly into the suction of a running machine, or weigh it into the high side of one that is shut down. Read superheat off the dew point and subcooling off the bubble point. These systems run polyolester oil, which takes on moisture fast, so keep cylinders closed and change the drier. New equipment has moved on; the installed base has not.",in_stock,,,https://home24care.com/products/24lb-r404a-r-404a-refrigerant-gas-10-cylinders,,https://home24care.com/product-images/483b406eec610e06-feed.jpg?v=r2,880.00 USD,,,,,10pcs R404,Home24Care,240 lb total — 10 cylinders at 24 lb each,Count the cylinders and check each one before signing,Store upright and secured somewhere cool and clear of ignition sources,Liquid charge only — vapour off a blend shifts the mix,,,,,,,,,new,no,,,,,,,,,,no,24 lb,,,,,,,,,"Hardware > Heating, Ventilation & Air Conditioning",Refrigerants & Gases > Bulk & Pallet Orders,US:::0.00 USD,,0,1,1,3
20pcs R404,24LB R404A (R-404A) Refrigerant Gas | 20 Cylinders,"Twenty cylinders of R-404A at 24 lb each, 480 lb of low-temperature service gas, sized off an equipment list and drawn down over scheduled work.
Start with the arithmetic. 20 cylinders at 24 lb each is 480 lb of refrigerant, and that total is the only thing this listing tells you about volume. Work out what your own job needs: add up nameplate charges, decide which racks and freezers are getting gas and which are on the replacement list, then stage cylinders against that total. The maths is yours to do.
R-404A is an HFC blend, not a single molecule, and near-azeotropic: close enough to a pure fluid to behave like one, with a small glide that still has to be respected. Liquid charge only — draw vapour off a blend and you shift the mix. Throttle it through the manifold, meter slowly into the suction on a running system, weigh into the high side on one that is down. Read superheat off the dew point column and subcooling off the bubble point.
This gas came in as a near drop-in for the R-502 it replaced, so pressures sit close to what those machines already saw — marginally higher, not a different order. Work from the blend's own pressure-temperature chart rather than from memory. It is a high-GWP HFC, and new equipment has moved to lower-GWP alternatives, which leaves the work on the installed base. Recover whatever you pull out of a decommissioned system and send it to a reclaimer. Venting is not an option.",in_stock,,,https://home24care.com/products/24lb-r404a-r-404a-refrigerant-gas-20-cylinders,,https://home24care.com/product-images/46ff8e1b8eb7f6ca-feed.jpg?v=r2,1680.00 USD,,,,,20pcs R404,Home24Care,20 cylinders at 24 lb each — 480 lb of refrigerant in this listing,R-404A service gas for low-temperature commercial refrigeration,Liquid charge only — drawing vapour off a blend shifts the mix,Near drop-in for the R-502 it replaced — pressures only marginally higher,,,,,,,,,new,no,,,,,,,,,,no,24 lb,,,,,,,,,"Hardware > Heating, Ventilation & Air Conditioning",Refrigerants & Gases > Bulk & Pallet Orders,US:::0.00 USD,,0,1,1,3
30pcs R404,24LB R404A (R-404A) Refrigerant Gas | 30 Cylinders,"Thirty cylinders of R-404A at 24 lb each for 720 lb total: service stock for a legacy low-temp fleet you still hold under contract.
Thirty cylinders is a stocking decision, not a single job. 720 lb of R-404A on the shelf covers the racks and freezers already under contract, on machines whose replacement capital has not been signed off. New low-temp plant is being designed around lower-GWP refrigerants, so this blend is service stock rather than a specification choice. Holding it means a dead case gets gas on the day the call comes in.
Weigh the carrying cost against the alternative. A supermarket with a dead rack loses product and trade by the hour, and nothing saved on stock covers that. Legacy kit stays in service long after the regulator has moved on. Pair the stock with recovery discipline: what comes out of a system goes into a recovery cylinder and on to a reclaimer, never to atmosphere. Log it machine by machine.
Charging practice does not change with quantity. R-404A is a near-azeotropic blend, so charge it as liquid and throttle it through the manifold; vapour draw shifts the mix. Read superheat off the dew point column and subcooling off bubble point. It replaced R-502 in low-temp commercial work at modestly higher saturation pressures, so check hoses, gauges and recovery kit are rated for it. Systems on this blend run polyolester oil, which pulls moisture, so keep them closed and change the drier.",in_stock,,,https://home24care.com/products/24lb-r404a-r-404a-refrigerant-gas-30-cylinders,,https://home24care.com/product-images/630c90e6fcae8790-feed.jpg?v=r2,2400.00 USD,,,,,30pcs R404,Home24Care,30 cylinders at 24 lb each for 720 lb of R-404A,HFC blend for low- and medium-temp commercial refrigeration,Liquid charge only; vapour draw shifts the blend,Dew point for superheat; bubble point for subcooling,,,,,,,,,new,no,,,,,,,,,,no,24 lb,,,,,,,,,"Hardware > Heating, Ventilation & Air Conditioning",Refrigerants & Gases > Bulk & Pallet Orders,US:::0.00 USD,,0,1,1,3
40pcs R404,24LB R404A (R-404A) Refrigerant Gas | 40 Cylinders,"Branch-scale R-404A: 40 cylinders at 24 lb each, 960 lb total, enough low-temperature charge to cover a fleet of freezers and display cases.
A consignment this size is a stocking decision, not a van top-up. Confirm with the seller how 960 lb will arrive and what the site needs to receive it, then do structured receiving: count against the manifest, check every cylinder for transit damage, log it in before the driver leaves. Allocation comes next. Cylinders go out to branches, vans and crews, so decide up front who holds what.
Each site carries its own hazmat storage limit and its own segregation rules: upright, secured, valve protected, clear of heat and of anything that should not share a cage. Rotate stock across locations so nothing sits in a corner for years. Tracking which cylinder went where, and keeping the records straight across a whole workforce, is the part that usually slips.
Low-temperature commercial work is where this blend earns its keep. R-404A took over from R-502 and R-22 there, and a large installed base of walk-in freezers, display cases, supermarket racks, ice machines and refrigerated transport still runs on it. Charge liquid, never vapour off a blend, and read superheat off the dew point column. The HFC phase-down turns supply into allocation rather than outright shortage, so covering a known fleet while quantities stay predictable is a reasonable call.",in_stock,,,https://home24care.com/products/24lb-r404a-r-404a-refrigerant-gas-40-cylinders,,https://home24care.com/product-images/dd8f1be7eccd512d-feed.jpg?v=r2,3040.00 USD,,,,,40pcs R404,Home24Care,40 cylinders at 24 lb each for 960 lb of R-404A in one consignment,Sized for multi-branch replenishment rather than a single service call,Replaces R-502 and R-22 in low-temperature commercial duty,Liquid charge only because drawing vapour off a blend shifts the mix,,,,,,,,,new,no,,,,,,,,,,no,24 lb,,,,,,,,,"Hardware > Heating, Ventilation & Air Conditioning",Refrigerants & Gases > Bulk & Pallet Orders,US:::0.00 USD,,0,1,1,3
5pcs R404,24LB R404A (R-404A) Refrigerant Gas | 5 Cylinders,"Five 24 lb cylinders of R-404A — 120 lb of service gas for shops keeping low-temp commercial refrigeration running through the week.
Five cylinders is a reorder quantity, not a stockpile. It is the depth that keeps a low-temp call from turning into a parts run, and it gives you something to fall back on when a job takes more gas than the gauge suggested. Rotate the stock — oldest cylinder out first — so nothing sits at the back of the shelf for good. A return trip for gas burns an afternoon of labour and pushes the next call back.
How far 120 lb goes depends on the boxes you look after: a handful of full charges on small walk-ins, or a single rack and the top-ups that follow a repair. R-404A went into low-temp and medium-temp commercial work as a replacement for R-502 and R-22, and plenty of that equipment is still running. It is a high-GWP HFC blend, so the phase-down is steering new builds elsewhere while the installed base still needs service gas.
Handling does not change with quantity. Charge liquid only — throttle it through the manifold, invert the cylinder if it will not draw — because pulling vapour off a blend shifts the composition of what stays behind. Glide on this blend is slight but not absent: take superheat off the dew point and subcooling off the bubble point. Gauges and recovery kit want a high-pressure HFC rating. Oil in these systems is polyolester and pulls moisture straight out of the air, so keep the system closed and change the drier.",in_stock,,,https://home24care.com/products/24lb-r404a-r-404a-refrigerant-gas-5-cylinders,,https://home24care.com/product-images/8dfcbb6600bf1ec4-feed.jpg?v=r2,460.00 USD,,,,,5pcs R404,Home24Care,5 cylinders at 24 lb each — 120 lb of R-404A in total,Service gas for low- and medium-temp commercial refrigeration,Liquid charge only — never pull vapour off a blend,Slight glide: superheat off the dew point / subcooling off the bubble point,,,,,,,,,new,no,,,,,,,,,,no,24 lb,,,,,,,,,"Hardware > Heating, Ventilation & Air Conditioning",Refrigerants & Gases > Bulk & Pallet Orders,US:::0.00 USD,,0,1,1,3
PZ-407A,25 lb R407A Refrigerant Cylinder for Commercial Refrigeration,"Product Overview

 R407A is a zeotropic HFC blend used in compatible medium- and low-temperature refrigeration systems. This 25 lb cylinder is suitable for professional service of new equipment and approved retrofits replacing R404A or R507A.

 Key Benefits

 

• 25 lb R407A refrigerant cylinder 

• For medium- and low-temperature refrigeration 

• Suitable for compatible supermarket refrigeration 

• Used in approved food storage and transport systems 

• Designed for professional refrigeration maintenance 
 
 Compatibility Notice

 Use R407A only in equipment labeled for R407A or in a manufacturer-approved conversion. Do not mix R407A with R404A, R407C, R507A or another refrigerant. System controls and components must be checked before retrofit.",in_stock,,,https://home24care.com/products/25lb-r-407a-refrigerant-gas-high-performance-for-hvac-cooling,,https://home24care.com/product-images/f0856de78f553217-feed.jpg?v=r2,230.00 USD,,,,,PZ-407A,Home24Care,• For medium- and low-temperature refrigeration,• Suitable for compatible supermarket refrigeration,• Used in approved food storage and transport systems,• Designed for professional refrigeration maintenance,,,,,,,,,new,no,,,,,,,,,,no,25 lb,,,,,,,,,"Hardware > Heating, Ventilation & Air Conditioning",Refrigerants & Gases > Commercial Refrigerants,US:::0.00 USD,30 lb,0,1,1,3
PZ-407C-YU,25 lb R407C Refrigerant Cylinder for HVAC & Refrigeration,"Product Overview

 R407C is a zeotropic HFC blend used in compatible residential and commercial air conditioning, heat pump and non-flooded chiller systems. This 25 lb cylinder is suitable for new R407C equipment and manufacturer-approved R22 retrofits.

 Key Benefits

 

• 25 lb R407C refrigerant cylinder 

• Suitable for residential and commercial air conditioning 

• Used in compatible heat pumps and non-flooded chillers 

• Designed for R407C equipment and approved R22 retrofits 

• Intended for professional HVAC service 
 
 Compatibility Notice

 R407C is not a universal drop-in replacement for R22. Use it only in R407C-labeled equipment or a manufacturer-approved retrofit. Do not mix R407C with R22 or another refrigerant, and follow the specified lubricant and charging procedure.",in_stock,,,https://home24care.com/products/25lbs-r407c-refrigerant-gas-high-performance-for-hvac-refrigeration-systems-packaging-tank,,https://home24care.com/product-images/ad653ccc38780e06-feed.jpg?v=r2,228.00 USD,,,,,PZ-407C-YU,Home24Care,• Suitable for residential and commercial air conditioning,• Used in compatible heat pumps and non-flooded chillers,• Designed for R407C equipment and approved R22 retrofits,• Intended for professional HVAC service,,,,,,,,,new,no,,,,,,,,,,no,25 lb,,,,,,,,,"Hardware > Heating, Ventilation & Air Conditioning",Refrigerants & Gases > Commercial Refrigerants,US:::0.00 USD,30 lb,0,1,1,3
PZ-D41,25 lb R410A Refrigerant Cylinder for HVAC & Heat Pumps,"Product Overview

 R410A is a near-azeotropic HFC refrigerant used in air conditioning, heat pump, chiller and selected medium-temperature refrigeration equipment designed specifically for R410A. This 25 lb cylinder is suitable for professional service of compatible residential and commercial systems.

 Key Benefits

 

• 25 lb R410A refrigerant cylinder 

• For equipment designed and labeled for R410A 

• Suitable for residential and commercial air conditioning 

• Used in compatible heat pumps and small chillers 

• Designed for professional HVAC service and maintenance 
 
 Compatibility Notice

 Use R410A only in equipment specifically designed for R410A. It operates at substantially higher pressures than R22 and must not be used in R22, R32, R454B or other systems. Verify the equipment nameplate before purchase.",in_stock,,,https://home24care.com/products/25lb-r410a-refrigerant-freon-steel-cylinder-packaging-tank-cylinder-for-air-conditioners-us-warehouse-fast-delivery,,https://home24care.com/product-images/6cc0cddccc7122cc-feed.jpg?v=r2,175.00 USD,,,,,PZ-D41,Home24Care,• For equipment designed and labeled for R410A,• Suitable for residential and commercial air conditioning,• Used in compatible heat pumps and small chillers,• Designed for professional HVAC service and maintenance,,,,,,,,,new,no,,,,,,,,,,no,25 lb,,,,,,,,,"Hardware > Heating, Ventilation & Air Conditioning",Refrigerants & Gases > Commercial Refrigerants,US:::0.00 USD,30 lb,0,1,1,3
PZ-R448,25 lb R448A Refrigerant Cylinder for Commercial Refrigeration,"Product Overview

 R448A is an HFO/HFC blend used in compatible low- and medium-temperature commercial refrigeration. This 25 lb cylinder is suitable for approved new systems and retrofits replacing R404A or R22 in supermarket and other commercial refrigeration applications.

 Key Benefits

 

• 25 lb R448A refrigerant cylinder 

• For low- and medium-temperature refrigeration 

• Suitable for approved supermarket display systems 

• Used in compatible coolers, freezers and ice machines 

• A1-classified refrigerant for professional service 
 
 Compatibility Notice

 R448A is not a universal drop-in replacement. Use it only in equipment designed for R448A or in a manufacturer-approved retrofit. Do not mix it with R404A, R22 or another refrigerant, and complete all required system adjustments.",in_stock,,,https://home24care.com/products/25lb-r448a-refrigerant-freon,,https://home24care.com/product-images/13434fe9b4984e31-feed.jpg?v=r2,350.00 USD,,,,,PZ-R448,Home24Care,• For low- and medium-temperature refrigeration,• Suitable for approved supermarket display systems,"• Used in compatible coolers, freezers and ice machines",• A1-classified refrigerant for professional service,,,,,,,,,new,no,,,,,,,,,,no,25 lb,,,,,,,,,"Hardware > Heating, Ventilation & Air Conditioning",Refrigerants & Gases > Commercial Refrigerants,US:::0.00 USD,30 lb,0,1,1,3
pz-R449,25 lb R449A Refrigerant Cylinder for Commercial Refrigeration,"Product Overview

 R449A is an HFO/HFC blend used in low- and medium-temperature commercial and industrial refrigeration. This 25 lb cylinder is suitable for approved new equipment and retrofits replacing R404A, R507A, R22 or selected R407-series refrigerants.

 Key Benefits

 

• 25 lb R449A refrigerant cylinder 

• For low- and medium-temperature refrigeration 

• Suitable for compatible commercial and industrial systems 

• Used in approved walk-ins, cold storage and food service 

• A1-classified refrigerant for professional service 
 
 Compatibility Notice

 Use R449A only in equipment designed for R449A or in a manufacturer-approved retrofit. Do not mix it with R404A, R507A, R22 or another refrigerant. Confirm lubricant, controls and operating settings before conversion.",in_stock,,,https://home24care.com/products/25lb-r449a-refrigerant-freon,,https://home24care.com/product-images/7784309f55163138-feed.jpg?v=r2,350.00 USD,,,,,pz-R449,Home24Care,• For low- and medium-temperature refrigeration,• Suitable for compatible commercial and industrial systems,"• Used in approved walk-ins, cold storage and food service",• A1-classified refrigerant for professional service,,,,,,,,,new,no,,,,,,,,,,no,25 lb,,,,,,,,,"Hardware > Heating, Ventilation & Air Conditioning",Refrigerants & Gases > Commercial Refrigerants,US:::0.00 USD,30 lb,0,1,1,3
410H-4,"25lb Honeywell R-410A Refrigerant, Virgin Sealed – Made in USA","A 25 lb cylinder of genuine Honeywell R-410A, virgin sealed and made in the USA, for residential and light commercial air conditioning.
R-410A is what the large majority of split systems installed this century are charged with, and a 25 lb cylinder is the everyday working size for install and service work. This one is Honeywell product, virgin sealed, made in the USA.
Two things to keep in mind on R-410A. It operates at notably higher pressures than the R-22 generation it replaced, so gauges, hoses and recovery equipment all need to be rated for it. And it is a blend, which means liquid charging — vapour-charging a blend changes what is left in the cylinder as well as what goes into the system.",in_stock,,,https://home24care.com/products/25lb-honeywell-r-410a-refrigerant-virgin-sealed-made-in-usa,,https://home24care.com/product-images/b73b8f726a9cc436-feed.jpg?v=r2,95.60 USD,,,,,410H-4,Honeywell,25 lb cylinder,Genuine Honeywell product,Virgin sealed,Made in USA,,,,,,,,,new,no,,,,,,,,,,no,25 lb,,,,,,,,,"Hardware > Heating, Ventilation & Air Conditioning",Refrigerants & Gases > HVAC Refrigerants,US:::0.00 USD,,0,1,1,3
407A,"25lb R-407A Refrigerant, Factory Sealed","A factory-sealed 25 lb cylinder of R-407A, an HFC blend used in commercial refrigeration and as a service replacement in R-22 systems.
R-407A is an HFC blend aimed at low- and medium-temperature refrigeration, and it is one of the routine choices when an R-22 system has to stay in service after the gas it was designed around stopped being produced. It runs at pressures close enough to the original to make a retrofit practical rather than a rebuild.
Supplied as a 25 lb cylinder, factory sealed. As with any blend, charge it liquid. Glide matters here too: take your superheat and subcooling from the pressure–temperature chart for this refrigerant rather than from the one taped inside your gauge case for something else.",in_stock,,,https://home24care.com/products/25lb-r-407a-refrigerant-factory-sealed,,https://home24care.com/product-images/f0856de78f553217-feed.jpg?v=r2,63.60 USD,,,,,407A,Home24Care,25 lb cylinder,Factory sealed on arrival,HFC blend for low and medium temperature refrigeration,Used as a service replacement in R-22 equipment,,,,,,,,,new,no,,,,,,,,,,no,25 lb,,,,,,,,,"Hardware > Heating, Ventilation & Air Conditioning",Refrigerants & Gases > Specialty Refrigerants,US:::0.00 USD,,0,1,1,3
410A,"25lb R-410A Refrigerant, Virgin Sealed – Made in USA","A 25 lb cylinder of virgin sealed R-410A, made in the USA — the unbranded everyday cylinder for split-system work.
No manufacturer name on this one, and for most service work that changes nothing. R-410A is a specified blend: what matters is that the cylinder is sealed, that it is virgin rather than recovered, and that the composition is to specification. All three are stated here. If a job or a warranty claim requires a named manufacturer on the paperwork, this catalogue carries a branded 25 lb cylinder too — check which the work calls for before you order.
Everything else about handling is the same whatever the label says. Charge liquid, because drawing vapour off a blend changes the composition of what stays behind as well as what goes in. Use gauges, hoses and recovery cylinders rated for the pressures this generation runs at, and read superheat and subcooling from the R-410A chart rather than the one you learned on R-22.",in_stock,,,https://home24care.com/products/25lb-r-410a-refrigerant-virgin-sealed-made-in-usa,,https://home24care.com/product-images/85ca200546647166-feed.jpg?v=r2,95.60 USD,,,,,410A,Home24Care,25 lb cylinder,"Virgin sealed, unbranded",Made in USA,Liquid charge only — vapour charging shifts a blend,,,,,,,,,new,no,,,,,,,,,,no,25 lb,,,,,,,,,"Hardware > Heating, Ventilation & Air Conditioning",Refrigerants & Gases > HVAC Refrigerants,US:::0.00 USD,,0,1,1,3
r421a-refrigerant-25lb-1-14,"25lb R-421A Refrigerant, R-22 Alternative","A 25 lb cylinder of R-421A, an HFC alternative for equipment originally charged with R-22.
R-421A is an HFC blend offered as an alternative for R-22 equipment, which puts it in the same conversation as the other retrofit options when a system has to stay in service but the original gas has become hard to justify buying.
As with any blend, charge liquid and work from R-421A's own pressure–temperature data rather than R-22's. Confirm lubricant requirements for the specific equipment before committing to a changeover — the retrofit blends differ from each other on exactly that point, and the answer for one is not the answer for all.",in_stock,,,https://home24care.com/products/25lb-r-421a-refrigerant-r-22-alternative,,https://home24care.com/product-images/6e2dc581cb6cda93-feed.jpg?v=r2,110.00 USD,,,,,r421a-refrigerant-25lb-1-14,Home24Care,25 lb cylinder,HFC alternative for R-22 equipment,Blend — liquid charge only,"Use R-421A PT data, not R-22's",,,,,,,,,new,no,,,,,,,,,,no,25 lb,,,,,,,,,"Hardware > Heating, Ventilation & Air Conditioning",Refrigerants & Gases > HVAC Refrigerants,US:::0.00 USD,,0,1,1,3
424,25lb R-422B (NU-22) Refrigerant,"A 25 lb cylinder of R-422B, sold under the NU-22 name, as a service replacement for R-22 without an oil change.
R-422B is one of the blends designed so an R-22 system can keep working after the gas it was built for became scarce. The appeal is that it was formulated to run on the mineral oil already in the compressor, which takes the single most invasive step out of a retrofit — no flush, no oil change, no wondering whether the old charge and the new lubricant will get along.
Supplied as a 25 lb cylinder. Like every blend it is liquid-charged, and the pressure–temperature relationship is its own, not R-22's. Expect to re-check the expansion device and the superheat after the changeover rather than assuming the original settings carry across.",in_stock,,,https://home24care.com/products/25lb-r-422b-nu-22-refrigerant,,https://home24care.com/product-images/e0a9a702b2a5e084-feed.jpg?v=r2,131.60 USD,,,,,424,ICOR International,25 lb cylinder,R-22 service replacement,Formulated for use with existing mineral oil,Blend — liquid charge only,,,,,,,,,new,no,,,,,,,,,,no,25 lb,,,,,,,,,"Hardware > Heating, Ventilation & Air Conditioning",Refrigerants & Gases > Legacy Refrigerants,US:::0.00 USD,,0,1,1,3
40-422D,25lb R-422D Refrigerant,"A 25 lb cylinder of R-422D, an R-22 service replacement formulated to run on the system's existing mineral oil.
R-422D is another of the R-22 retrofit blends that avoids an oil change — the system keeps the mineral oil already in the compressor, which is what makes a changeover a service call rather than a strip-down.
Do not confuse it with R-422B, which this catalogue also carries. They are different blends with different pressure–temperature behaviour and they are not interchangeable just because the numbers are adjacent. Check which one the system was retrofitted with before adding to an existing charge; mixing refrigerants gives you a mixture whose properties are nobody's published data.
Charge as a liquid and verify superheat against R-422D's own figures.",in_stock,,,https://home24care.com/products/25lb-r-422d-refrigerant,,https://home24care.com/product-images/13d2e25d0d759264-feed.jpg?v=r2,179.60 USD,,,,,40-422D,Home24Care,25 lb cylinder,R-22 service replacement,Works with existing mineral oil,Not interchangeable with R-422B,,,,,,,,,new,no,,,,,,,,,,no,25 lb,,,,,,,,,"Hardware > Heating, Ventilation & Air Conditioning",Refrigerants & Gases > Legacy Refrigerants,US:::0.00 USD,,0,1,1,3
440,"25lb R-438A (Mo99) Refrigerant, R-22 Replacement","A 25 lb cylinder of R-438A, sold as MO99, an R-22 replacement formulated to work with the oil already in the system.
R-438A — widely known by its MO99 trade name — is a blend built for retrofitting R-22 equipment with as little disruption as possible. Like the other mineral-oil-compatible replacements, its selling point is what you do not have to do: no compressor oil change, no flush, no component swap in the ordinary case.
It is a multi-component blend, which has consequences in service. Charge liquid, use the R-438A pressure–temperature chart rather than R-22's, and check the superheat after the changeover. A 25 lb cylinder is the standard service size for this work.",in_stock,,,https://home24care.com/products/25lb-r-438a-mo99-refrigerant-r-22-replacement,,https://home24care.com/product-images/6fc041915c4d7a84-feed.jpg?v=r2,131.60 USD,,,,,440,Chemours,25 lb cylinder,R-22 retrofit blend,Works with existing mineral oil,Blend with glide — use R-438A PT data,,,,,,,,,new,no,,,,,,,,,,no,25 lb,,,,,,,,,"Hardware > Heating, Ventilation & Air Conditioning",Refrigerants & Gases > Legacy Refrigerants,US:::0.00 USD,,0,1,1,3
40 R448a,"25lb R-448A Refrigerant, Honeywell, R404A & R22 Replacement – Made in USA","A 25 lb cylinder of Honeywell R-448A, a lower-GWP replacement for R-404A and R-22 in commercial refrigeration.
R-448A was developed to take the place of R-404A and R-22 in commercial refrigeration without rebuilding the system around it, and it is one of the blends supermarkets moved to as the phase-down tightened on higher-GWP gases. This is a 25 lb cylinder of Honeywell product, made in the USA.
It is a blend with meaningful temperature glide, so read superheat and subcooling against the pressure–temperature data for R-448A specifically — the numbers you know for R-404A will mislead you. Charge as a liquid, and expect to adjust the expansion device on a retrofit rather than assuming the original setting still holds.",in_stock,,,https://home24care.com/products/25lb-r-448a-refrigerant-honeywell-r404a-r22-replacement-made-in-usa,,https://home24care.com/product-images/13434fe9b4984e31-feed.jpg?v=r2,131.60 USD,,,,,40 R448a,Honeywell,25 lb cylinder,"Honeywell product, made in USA",Replacement for R-404A and R-22 systems,Blend with temperature glide — use R-448A PT data,,,,,,,,,new,no,,,,,,,,,,no,25 lb,,,,,,,,,"Hardware > Heating, Ventilation & Air Conditioning",Refrigerants & Gases > Commercial Refrigerants,US:::0.00 USD,,0,1,1,3
40 R449,25lb R-449A Refrigerant,"A 25 lb cylinder of R-449A, a lower-GWP replacement for R-404A in commercial refrigeration.
R-449A is one of the blends that replaced R-404A as the HFC phase-down pushed higher-GWP gases out of commercial refrigeration. It was formulated to go into existing equipment without a redesign, which is why it turns up in supermarket and cold-store retrofits rather than only in new builds.
A 25 lb cylinder is the working service size. It is a blend with glide, so take your readings from R-449A's own pressure–temperature data and charge as a liquid. On a retrofit from R-404A, plan to verify the expansion device setting rather than inherit it.",in_stock,,,https://home24care.com/products/25lb-r-449a-refrigerant,,https://home24care.com/product-images/7784309f55163138-feed.jpg?v=r2,139.60 USD,,,,,40 R449,Home24Care,25 lb cylinder,Lower-GWP replacement for R-404A,Suited to retrofit of existing equipment,Blend with glide — use R-449A PT data,,,,,,,,,new,no,,,,,,,,,,no,25 lb,,,,,,,,,"Hardware > Heating, Ventilation & Air Conditioning",Refrigerants & Gases > Commercial Refrigerants,US:::0.00 USD,,0,1,1,3
507,"25lb R-507 Refrigerant, Commercial Refrigeration","A 25 lb cylinder of R-507, the azeotropic HFC blend used in low-temperature commercial refrigeration.
R-507 is the azeotrope that sits alongside R-404A in commercial refrigeration, and it is a common charge in low-temperature freezer work. Being an azeotropic blend, it behaves close to a single compound in service: effectively no temperature glide, which makes superheat and subcooling readings straightforward.
This is a 25 lb cylinder for service and replacement work on equipment already running R-507. It is not a drop-in for other gases — match it to what the data plate or the last service sticker says is in the system.",in_stock,,,https://home24care.com/products/25lb-r-507-refrigerant-commercial-refrigeration,,https://home24care.com/product-images/37aaa94e24759ccd-feed.jpg?v=r2,62.40 USD,,,,,507,Home24Care,25 lb cylinder,Azeotropic blend — effectively no temperature glide,Low-temperature commercial refrigeration,For equipment already charged with R-507,,,,,,,,,new,no,,,,,,,,,,no,25 lb,,,,,,,,,"Hardware > Heating, Ventilation & Air Conditioning",Refrigerants & Gases > Specialty Refrigerants,US:::0.00 USD,,0,1,1,3
PZ-407A,25LB R407A (R-407A) Refrigerant Gas,"R-407A in a 25 lb cylinder: the HFC service blend for commercial refrigeration plant built for R-22, charged as liquid and read off a glide chart.
Most of this gas goes into plant commissioned on R-22 or R-502: supermarket racks, display cases, walk-in coolers and freezers, cold stores, beverage and ice machines. Direct-expansion commercial refrigeration, low and medium temperature. US production of R-22 has ended, so a retrofit blend is what keeps that installed equipment working. 25 lb is a one-hand weight, which makes it a van item rather than a store-room item.
Charge it as liquid. This is a mix rather than a single substance, and its components boil off at different rates, so draw vapour from the cylinder and what stays behind drifts off specification. Weigh liquid in through a metering device, or throttle it into the suction with the compressor running. After a leak, a full recovery and reweigh beats a vapour top-up.
Glide matters at the gauges. Take superheat and subcooling from the bubble and dew columns of a blend-specific pressure-temperature chart, not one saturation figure. Operating pressures sit modestly above R-22 at the same conditions, enough to notice when you read a chart from memory. Oil belongs to the system and the compressor rather than to the cylinder: most R-407A retrofits run polyolester, so confirm against the equipment data and the maker's guidance. Recover it, never vent.",in_stock,,,https://home24care.com/products/25lb-r407a-r-407a-refrigerant-gas,,https://home24care.com/product-images/5b9d9dc9b4344a3a-feed.jpg?v=r2,104.00 USD,,,,,PZ-407A,Home24Care,Single 25 lb cylinder of R-407A,Zeotropic HFC blend of R-32 / R-125 / R-134a,Service replacement for R-22 and R-502 in direct-expansion plant,Low and medium temperature commercial refrigeration duty,,,,,,,,,new,no,,,,,,,,,,no,25 lb,,,,,,,,,"Hardware > Heating, Ventilation & Air Conditioning",Refrigerants & Gases > Commercial Refrigerants,US:::0.00 USD,,0,1,1,3
10pcs R407A,25LB R407A (R-407A) Refrigerant Gas | 10 Cylinders,"Ten 25 lb cylinders of R-407A — 250 lb of service gas in one consignment — for in-house crews keeping commercial low and medium temperature refrigeration running.
Stock at this depth suits a crew that services its own plant. If the engineer on shift answers the warm case on a Friday night, the store room is doing work a distributor would otherwise do. How far a pack this size goes depends on your charge sizes, your leak history and how much you keep in-house — read it against your own service records. Weight like this also wants space and hands arranged before it arrives.
R-407A is a zeotropic HFC blend — R-32, R-125 and R-134a put up as one service gas. It came in for direct-expansion commercial plant built around R-22 and R-502, and it still earns its keep in supermarket racks, display cases, walk-ins and cold stores. Charge it as liquid. Draw vapour off the cylinder and the mixture left behind drifts off specification. Take superheat and subcooling from the bubble and dew point columns of a blend-specific chart, never from one saturation figure.
Oil matters on a blend like this. HFC service gas is generally a polyolester application, and mineral oil does not return reliably with it — confirm the oil spec for the system before you top it up. Then sort out where the cylinders live: upright and restrained, cool and ventilated, clear of stairwells and exit routes, full cylinders kept apart from empties, and inside whatever your fire code allows for compressed gas in one room. Heavier than air, the gas displaces oxygen in a pit or a closed plant room.",in_stock,,,https://home24care.com/products/25lb-r407a-r-407a-refrigerant-gas-10-cylinders,,https://home24care.com/product-images/596a1a3e240c0df9-feed.jpg?v=r2,1000.00 USD,,,,,10pcs R407A,Home24Care,10 cylinders at 25 lb each — 250 lb of R-407A,Zeotropic blend — charge liquid only and weigh it in,Service gas for direct-expansion plant that ran R-22 or R-502,Superheat and subcooling off bubble and dew point figures — not one saturation temperature,,,,,,,,,new,no,,,,,,,,,,no,25 lb,,,,,,,,,"Hardware > Heating, Ventilation & Air Conditioning",Refrigerants & Gases > Bulk & Pallet Orders,US:::0.00 USD,,0,1,1,3
20pcs R407A,25LB R407A (R-407A) Refrigerant Gas | 20 Cylinders,"500 lb of R-407A across 20 cylinders — enough charge to take an R-22 changeover from recovery through commissioning without reordering mid-job.
Changeover work is the reason to buy this much at once. A rack conversion, a run of walk-ins, a block of display cases coming off R-22 — that is a programme, not a call-out. Size it from nameplate charges, then add for what recovery, evacuation and commissioning actually swallow, because the theoretical figure never survives the first circuit. Buying the whole job's charge together keeps it consistent across the plant and stops a half-converted rack sitting dead while you chase more gas.
The gas itself is an HFC blend — R-32, R-125 and R-134a put up as one service charge — so it behaves as a mixture everywhere, gauges included. Charge liquid against a scale, through a metering device or throttled into the suction with the compressor running; draw vapour and what stays behind drifts off spec. Work superheat and subcooling from the bubble and dew columns of a blend chart, never a single saturation line. Retrofits come off mineral oil and onto POE. Pressures sit above R-22, so confirm hoses, gauges and swapped parts are rated.
Before the gas lands, clear somewhere flat and shaded to stand the cylinders upright and secured, and work out who carries a 25 lb cylinder to the roof. On supply, read your own market: in the US, R-22 production and import have ended and HFC supply steps down under a federal phase-down, and the installed base this blend serves is shrinking rather than growing. Availability comes in runs — easy for a stretch, then hard. The worst morning to go looking is the one a system is down.",in_stock,,,https://home24care.com/products/25lb-r407a-r-407a-refrigerant-gas-20-cylinders,,https://home24care.com/product-images/ce0d16e05670e6e3-feed.jpg?v=r2,1920.00 USD,,,,,20pcs R407A,Home24Care,20 cylinders at 25 lb each — 500 lb of R-407A in one purchase,Zeotropic R-32 / R-125 / R-134a blend — charge as liquid only,Low and medium temperature commercial refrigeration duty,Service replacement for R-22 and R-502 in direct-expansion plant,,,,,,,,,new,no,,,,,,,,,,no,25 lb,,,,,,,,,"Hardware > Heating, Ventilation & Air Conditioning",Refrigerants & Gases > Bulk & Pallet Orders,US:::0.00 USD,,0,1,1,3
30pcs R407A,25LB R407A (R-407A) Refrigerant Gas | 30 Cylinders,"Thirty cylinders of 25 lb R-407A — 750 lb in all — sized for a shop running commercial refrigeration contracts through a cooling season.
Depth on a service book is bought against a forecast, not against a fault. Last season's consumption, the age of the plant under contract and the known bad actors on the list tell you what the cooling season will draw. A run of 30 cylinders covers the mid-season week when a regional heatwave has every contractor ringing the same suppliers. Rotate stock so nothing sits at the back for years, and log what went into which job at the van — easier written down than reconstructed later.
The blend is zeotropic — R-32, R-125 and R-134a put up as one service gas — so it behaves as a mixture everywhere in the system, at the gauges and at the cylinder. Low and medium temperature commercial refrigeration is the home ground: supermarket racks, display cases, walk-in coolers and freezers, cold stores, beverage and ice equipment. It came in for R-22 and R-502 in direct-expansion plant and sits alongside R-404A. New kit now goes out on lower-GWP blends, so this keeps an installed base running.
Charge as liquid. Draw vapour off the cylinder and what stays behind shifts off spec, so weigh liquid in through a metering device, or throttle it into the suction side with the compressor running. Take superheat and subcooling from bubble and dew point columns, never one saturation figure. Pressures sit a little above R-22 at the same conditions and below R-404A: close, not a drop-in. Polyolester oil; mineral oil will not come back. Non-flammable but heavier than air, so ventilate pits and plant rooms. Cylinders upright, charging on a scale, recovery not venting.",in_stock,,,https://home24care.com/products/25lb-r407a-r-407a-refrigerant-gas-30-cylinders,,https://home24care.com/product-images/3bdb47e105c84503-feed.jpg?v=r2,2760.00 USD,,,,,30pcs R407A,Home24Care,30 cylinders of 25 lb — 750 lb of R-407A in this listing,Zeotropic HFC blend — weigh it in as liquid not vapour,Low and medium temperature commercial refrigeration duty,Service gas for R-22 and R-502 direct-expansion plant,,,,,,,,,new,no,,,,,,,,,,no,25 lb,,,,,,,,,"Hardware > Heating, Ventilation & Air Conditioning",Refrigerants & Gases > Bulk & Pallet Orders,US:::0.00 USD,,0,1,1,3
40pcs R407A,25LB R407A (R-407A) Refrigerant Gas | 40 Cylinders,"Forty 25 lb cylinders of R-407A — 1000 lb of zeotropic HFC service blend, the gas used on R-22-era commercial refrigeration still in the field.
Depth is the whole point at this level. Forty cylinders, 1000 lb of refrigerant, reads as a holding position rather than a job lot: multi-branch contractors, facilities groups covering several sites, anyone still responsible for R-22-era supermarket racks, walk-ins and cold stores. The HFC phase-down steps production and import down by law over time, so the long-run direction for higher-GWP service blends is already settled. Stock on the floor buys a replacement plan time.
The gas itself is a zeotropic blend of R-32, R-125 and R-134a, so it glides rather than holding one saturation temperature, and it has to be charged as liquid every time. Draw vapour off and what stays behind drifts off composition. Work superheat and subcooling from the bubble and dew columns of a blend chart, never a single figure. Polyolester oil is the lubricant; mineral oil will not return through the system. Pressures sit well above R-22 at matched conditions, so check hoses, gauges and service valves are rated for it.
Plan the landing area before it arrives: 1000 lb of refrigerant wants a dedicated cylinder store or cage, not a corner of the workshop, and a consignment this heavy is a mechanical-handling job rather than a two-man lift. Keep cylinders upright and secured, out of the sun, away from heat, and never warm one with a flame. The blend is non-flammable and low in toxicity but heavier than air, so ventilate pits, basements and closed plant rooms. Recover into a recovery cylinder; venting is illegal. Track cylinder numbers and chase empties back.",in_stock,,,https://home24care.com/products/25lb-r407a-r-407a-refrigerant-gas-40-cylinders,,https://home24care.com/product-images/e72f0f3501e2421a-feed.jpg?v=r2,3520.00 USD,,,,,40pcs R407A,Home24Care,R-407A zeotropic HFC blend of R-32 R-125 and R-134a,40 cylinders at 25 lb each — 1000 lb of refrigerant in total,Service blend used to keep R-22-era equipment running,Liquid charge only — weigh in against a scale,,,,,,,,,new,no,,,,,,,,,,no,25 lb,,,,,,,,,"Hardware > Heating, Ventilation & Air Conditioning",Refrigerants & Gases > Bulk & Pallet Orders,US:::0.00 USD,,0,1,1,3
5pcs R407A,25LB R407A (R-407A) Refrigerant Gas | 5 Cylinders,"Five 25 lb cylinders of R-407A, 125 lb of the blend in one line item, for low and medium temperature commercial refrigeration work.
Quantity is the only thing five cylinders changes: 25 lb each, 125 lb in total, and nothing different about how the gas charges. Keep them upright and secured, out of direct sun and away from heat sources, and protect the valve in handling and storage. Label and date what you open, so a part-used cylinder is never mistaken for a full one on the next job.
The blend is zeotropic, so it goes in as liquid. Draw vapour instead and what stays in the cylinder drifts off specification. Weigh in through a metering device, or throttle into the suction side with the compressor running, always against a scale. Work superheat and subcooling from the bubble and dew point columns of a blend chart rather than one saturation figure. Polyolester oil is the lubricant here; mineral oil will not return through the system.
Low and medium temperature commercial plant is the home ground: rack systems, display cases, walk-ins, cold stores, beverage and ice machines. It came in as an alternative to R-22 and R-502 on that kind of service work. Pressures run considerably above R-22, so confirm hoses, gauges and valves are rated for the duty. Recover rather than vent at the end of a job; venting refrigerant is prohibited in the US.",in_stock,,,https://home24care.com/products/25lb-r407a-r-407a-refrigerant-gas-5-cylinders,,https://home24care.com/product-images/82bcdc218504dd30-feed.jpg?v=r2,510.00 USD,,,,,5pcs R407A,Home24Care,5 cylinders at 25 lb each — 125 lb of R-407A,Zeotropic HFC blend — charge as liquid only,Low and medium temperature commercial refrigeration duty,Polyolester oil systems; mineral oil will not return,,,,,,,,,new,no,,,,,,,,,,no,25 lb,,,,,,,,,"Hardware > Heating, Ventilation & Air Conditioning",Refrigerants & Gases > Bulk & Pallet Orders,US:::0.00 USD,,0,1,1,3
PZ-407C-YU,25LB R407C (R-407C) Refrigerant Gas,"A single 25 lb cylinder of R-407C — the zeotropic HFC blend brought in to replace R-22 in direct-expansion air conditioning and medium-temperature commercial refrigeration.
One 25 lb cylinder, R-407C. The blend came in as the service answer to R-22 in direct-expansion air conditioning and medium-temperature commercial refrigeration. US R-22 production has ended, so the work that still comes in on those systems is retrofit and repair. Zeotropic, no chlorine, nothing in it that attacks the ozone layer. It asks more of you than a single-component gas, and most of the trouble people have with it comes from treating it like one.
Charge liquid, always — cylinder inverted, or metered into the suction side with the compressor running. Vapour draw pulls the lighter component off first and leaves the wrong mix behind, in the cylinder and in the system. Weigh the charge in; pressure alone will not get you there. Glide means reading the right column of the chart: dew point for superheat, bubble point for subcooling.
After a leak, recover what is left, repair, evacuate, then weigh in a fresh charge rather than topping up a shifted mix. The blend wants polyolester oil; mineral oil will not circulate and return with it, so an R-22 retrofit is an oil job as much as a gas job. Head pressure sits somewhat higher than R-22, so check the condenser and satisfy yourself the controls will live with it.",in_stock,,,https://home24care.com/products/25lb-r407c-r-407c-refrigerant-gas,,https://home24care.com/product-images/09a0c930884bf96c-feed.jpg?v=r2,104.00 USD,,,,,PZ-407C-YU,Home24Care,One cylinder of R-407C at 25 lb,Zeotropic HFC blend — charge as liquid and weigh it in,Glide: dew point for superheat and bubble point for subcooling,R-22 retrofit duty — needs polyolester oil as mineral oil will not return,,,,,,,,,new,no,,,,,,,,,,no,25 lb,,,,,,,,,"Hardware > Heating, Ventilation & Air Conditioning",Refrigerants & Gases > HVAC Refrigerants,US:::0.00 USD,,0,1,1,3
10pcs R407C,25LB R407C (R-407C) Refrigerant Gas | 10 Cylinders,"R-407C in 25 lb cylinders, 10 of them for 250 lb in total: a chlorine-free zeotropic blend that has to go in as liquid and be weighed in, never topped up on pressure.
10 cylinders at 25 lb each makes 250 lb of refrigerant. Converting a direct-expansion system off R-22 is a day of work rather than a top-up: recover the old charge, change the compressor oil over to polyolester, flush or replace what the survey says needs it, pull a proper vacuum, then weigh in the full charge. Running short mid-job means a return trip, so work your charge weights out against that 250 lb before you commit to it.
Glide is the thing to work around. Being a zeotropic HFC blend, it has to go in as liquid: inverted cylinder, or through a metering device into the suction side with the compressor running. Draw vapour instead and the lightest fraction leaves first, which shifts the mix left in the cylinder. Read superheat off dew point and subcooling off bubble point. Weigh the charge; pressure readings by themselves will mislead you.
Chlorine-free, unlike the R-22 it was brought in to replace in direct-expansion air conditioning and medium-temperature refrigeration. Head pressure sits somewhat higher than R-22, so look hard at the condenser and the controls before quoting a conversion. Retrofits want polyolester oil; mineral oil will not come back to the compressor. After a leak, recover and recharge by weight rather than topping up, because what is left in the system has shifted.",in_stock,,,https://home24care.com/products/25lb-r407c-r-407c-refrigerant-gas-10-cylinders,,https://home24care.com/product-images/4e822e00647fbfd3-feed.jpg?v=r2,1000.00 USD,,,,,10pcs R407C,Home24Care,10 cylinders at 25 lb each — 250 lb total,Zeotropic HFC blend: charge it as liquid and weigh it in,R-22 service replacement for DX air conditioning and medium-temperature refrigeration,Retrofits want polyolester oil — mineral oil will not circulate back,,,,,,,,,new,no,,,,,,,,,,no,25 lb,,,,,,,,,"Hardware > Heating, Ventilation & Air Conditioning",Refrigerants & Gases > Bulk & Pallet Orders,US:::0.00 USD,,0,1,1,3
20pcs R407C,25LB R407C (R-407C) Refrigerant Gas | 20 Cylinders,"20 cylinders of R-407C at 25 lb each — 500 lb total, for R-22 retrofit work and medium-temperature commercial refrigeration plant.
500 lb of charge, held as 20 separate 25 lb cylinders rather than in fewer large ones. A 25 lb cylinder is light enough to carry up to roof plant or into a ceiling void, and it is a size you can finish on a single job, so a part-used cylinder does not sit around holding a large remainder. Log each one as you open it and the running stock stays easy to count.
R-407C came in as the service answer to R-22 in direct-expansion air conditioning and medium-temperature commercial refrigeration: splits, rooftop packages, air-cooled chillers, cold rooms, display cases. It is a zeotropic HFC blend, chlorine-free, and it glides. Charge it as a liquid every time — cylinder inverted, or metered into the suction side with the compressor running. Weigh the charge in. Draw vapour off the top and you skew the mix and leave the wrong gas behind.
Read pressures off the correct column: dew point for superheat, bubble point for subcooling. Retrofit work wants polyolester oil, because mineral oil will not return through the system, and head pressure sits noticeably above R-22, so look at the condenser and any pressure controls before you commit. R-22 itself is an HCFC on the way out, so a charge this size suits plant you intend to keep running. Store cylinders upright, strapped, and out of the heat.",in_stock,,,https://home24care.com/products/25lb-r407c-r-407c-refrigerant-gas-20-cylinders,,https://home24care.com/product-images/188ac313e8ab97f8-feed.jpg?v=r2,1920.00 USD,,,,,20pcs R407C,Home24Care,20 cylinders at 25 lb each — 500 lb of R-407C in total,Zeotropic HFC blend for R-22 retrofits and medium-temperature DX plant,Liquid charge only — weigh it in rather than trusting pressure alone,Needs polyolester oil; mineral oil will not return through the system,,,,,,,,,new,no,,,,,,,,,,no,25 lb,,,,,,,,,"Hardware > Heating, Ventilation & Air Conditioning",Refrigerants & Gases > Bulk & Pallet Orders,US:::0.00 USD,,0,1,1,3
30pcs R407C,25LB R407C (R-407C) Refrigerant Gas | 30 Cylinders,"Thirty 25 lb cylinders of R-407C — 750 lb of service gas for legacy DX air conditioning and medium-temperature commercial refrigeration work.
Thirty cylinders is a season bought before the season starts. Cooling load does not arrive gradually — it lands, and the week every rooftop on the round wants attention is the wrong week to find the shelf bare. This pack suits a mechanical contractor staging a summer or a service manager covering a known list of legacy units. HFC allocations are stepping down under the AIM Act and availability on this blend moves about, which is the other argument for holding 750 lb.
Brought in as the service replacement for R-22, it covers direct-expansion air conditioning and medium-temperature commercial refrigeration: splits, rooftop packaged units, cold rooms, display cases. The blend is zeotropic, so it charges as liquid only — cylinder inverted, or metered into the suction side with the compressor running. Weigh every charge in. Glide means dew point for superheat and bubble point for subcooling. Retrofits off mineral oil need polyolester, and head pressure sits well above R-22, so check the condenser and the controls.
At this volume stock control matters more than the buying. Log what comes in and what goes out, issue the oldest cylinders first, and keep the outgoing paperwork straight. Sort the receiving end out in advance as well — ask how the order is packed and what access the carrier wants, book a slot if one is needed, and have someone on site to count cylinders off and check for transit damage. Upright, capped and secured, out of direct sun. Recovery gear travels with the job; venting is not an option.",in_stock,,,https://home24care.com/products/25lb-r407c-r-407c-refrigerant-gas-30-cylinders,,https://home24care.com/product-images/5506736d2c8035bb-feed.jpg?v=r2,2760.00 USD,,,,,30pcs R407C,Home24Care,Thirty 25 lb cylinders — 750 lb of R-407C in one pack,Zeotropic HFC blend — liquid charge only and weigh it in,Service gas for R-22 DX air conditioning and medium-temp refrigeration,Runs on polyolester oil — mineral oil will not return through the system,,,,,,,,,new,no,,,,,,,,,,no,25 lb,,,,,,,,,"Hardware > Heating, Ventilation & Air Conditioning",Refrigerants & Gases > Bulk & Pallet Orders,US:::0.00 USD,,0,1,1,3
40pcs R407C,25LB R407C (R-407C) Refrigerant Gas | 40 Cylinders,"Forty 25 lb cylinders of R-407C — 1000 lb in total — stocking-depth service gas for the R-22 era DX and medium-temperature plant still in service.
Forty cylinders at 25 lb apiece, 1000 lb of R-407C, is a stocking quantity rather than a single job sheet. This blend went into direct-expansion air conditioning and medium-temperature refrigeration as the service answer to R-22, and plant of that generation is still running. US production of R-22 has ended, so keeping that plant charged means buying the replacement blend.
Charge the blend as a liquid every time: invert the cylinder, or feed it through a metering device into the suction line with the compressor running. Vapour draw pulls the lighter component off first and leaves both cylinder and system off composition. Weigh the charge in. Glide means dew point for superheat and bubble point for subcooling. Coming off R-22, plan on polyolester oil and a modest step up in head pressure.
Store upright and secured against falling, out of direct sun and clear of heat sources, and never carry cylinders in a closed cab. Rotate the stock first in, first out so the oldest gas goes out on the next call. After a leak, the order is recover, repair, evacuate, then recharge by weight. Venting is not an option, so recovery gear travels with the job.",in_stock,,,https://home24care.com/products/25lb-r407c-r-407c-refrigerant-gas-40-cylinders,,https://home24care.com/product-images/ad653ccc38780e06-feed.jpg?v=r2,3520.00 USD,,,,,40pcs R407C,Home24Care,Forty cylinders at 25 lb each — 1000 lb of R-407C in the pack,Zeotropic HFC blend with temperature glide — charge liquid and weigh it in,Service gas for R-22 era DX air conditioning and medium-temperature refrigeration,Dew point for superheat and bubble point for subcooling,,,,,,,,,new,no,,,,,,,,,,no,25 lb,,,,,,,,,"Hardware > Heating, Ventilation & Air Conditioning",Refrigerants & Gases > Bulk & Pallet Orders,US:::0.00 USD,,0,1,1,3
5pcs R407C,25LB R407C (R-407C) Refrigerant Gas | 5 Cylinders,"Five 25 lb cylinders of R-407C, 125 lb of blend in total, the zeotropic service gas for R-22 direct-expansion air conditioning and medium-temperature commercial refrigeration.
R-407C went in as the service answer to R-22 in direct-expansion air conditioning and medium-temperature commercial refrigeration. Splits, rooftop packaged units, air-cooled chillers, cold rooms, display cases. Some plant left the factory on the blend; plenty more came over on retrofit. US R-22 production has ended and the AIM Act is stepping HFC supply down, so what you buy now goes into an ageing fleet you intend to run out. Know which sites on your round still take it.
Charge it as liquid, every time. Invert the cylinder, or feed it through a metering device into the suction side with the compressor running. Vapour off the top draws the light component first and leaves both cylinder and system off composition. Weigh the charge in. Glide means dew point for superheat and bubble point for subcooling. After a leak, recover, repair, evacuate and recharge by weight rather than topping up what survived.
The blend wants polyolester oil. Mineral oil will not return after a retrofit, so a changeover means flushing the oil as well as swapping the charge. Discharge pressure runs modestly above R-22, not far above it: the blend was formulated to sit close to R-22 on pressure and temperature. Check the condenser and any pressure controls anyway before you commit. Label the system and the oil at the end of a retrofit so the next tech is not guessing.",in_stock,,,https://home24care.com/products/25lb-r407c-r-407c-refrigerant-gas-5-cylinders,,https://home24care.com/product-images/331f486755478b31-feed.jpg?v=r2,510.00 USD,,,,,5pcs R407C,Home24Care,Zeotropic HFC blend with no chlorine - liquid charging only,Service gas for R-22 DX air conditioning and medium-temperature refrigeration,Runs on polyolester oil - mineral oil will not return after a retrofit,Glide means dew point for superheat and bubble point for subcooling,,,,,,,,,new,no,,,,,,,,,,no,25 lb,,,,,,,,,"Hardware > Heating, Ventilation & Air Conditioning",Refrigerants & Gases > Bulk & Pallet Orders,US:::0.00 USD,,0,1,1,3
PZ-D41,25LB R410A (R-410A) Refrigerant Gas,"A single 25 lb cylinder of R-410A, the HFC blend that replaced R-22 in residential and light commercial split systems and heat pumps.
R-410A is the HFC blend that took over from R-22 in residential and light commercial equipment. Legacy splits, heat pumps, ductless mini-splits and small packaged units all run it, and that installed base is what you are servicing now. US production of R-22 has ended, so repairs on those systems come back to this gas. Check the nameplate charge weight before you order and you will know what the work needs.
Charge it as liquid. Meter liquid into the low side with the compressor running, or weigh liquid into the high side of an evacuated system before start-up. Glide is negligible on this blend, but liquid charging keeps the mix right and is the practice to stick with. Operating pressures sit considerably higher than R-22, so gauges, hoses and recovery equipment have to be rated for it, and recovery goes into a cylinder built for that pressure — never a low-side tank.
POE oil in these systems pulls moisture out of the air, so keep the circuit closed while you work and fit a fresh drier. Store the cylinder upright and out of direct sun, and weigh the charge in rather than reading it off a gauge. New equipment has moved to mildly flammable refrigerants that want their own gauges, hoses and storage, so keep that kit separate from what you use here.",in_stock,,,https://home24care.com/products/25lb-r410a-r-410a-refrigerant-gas,,https://home24care.com/product-images/0aa64883b4f5b915-feed.jpg?v=r2,82.00 USD,,,,,PZ-D41,Home24Care,Single 25 lb cylinder of R-410A — 1 cylinder supplied,Services legacy residential and light commercial splits heat pumps and mini-splits,Charge as liquid: meter into the low side or weigh into the high side,Runs at considerably higher pressure than R-22 so gauges hoses and recovery gear must be rated for it,,,,,,,,,new,no,,,,,,,,,,no,25 lb,,,,,,,,,"Hardware > Heating, Ventilation & Air Conditioning",Refrigerants & Gases > HVAC Refrigerants,US:::0.00 USD,,0,1,1,3
10pcs R410A,25LB R410A (R-410A) Refrigerant Gas | 10 Cylinders,"Ten 25 lb cylinders of R-410A — 250 lb of service gas for contractors running planned maintenance on split systems and packaged rooftop units.
Ten cylinders is where buying gas stops being a shelf item. 250 lb belongs in a dedicated cylinder area: upright, restrained, ventilated, out of direct sun and away from heat, with access controlled. Check your local fire code and your insurer for how much compressed gas you may keep on site. Work out where the stock will sit and who may draw from it before the first busy week of the season.
The gas itself is a non-flammable HFC blend of R-32 and R-125, and it charges the bulk of US split systems, heat pumps, mini-splits and packaged rooftop units fitted after R-22 left new equipment. Being a blend, it goes in as liquid: metered into the low side with the compressor running, or weighed into the high side of an evacuated system. Pressures run considerably higher than R-22, so gauges, hoses and recovery cylinders must be rated for it. POE oil is hygroscopic, so keep the system closed.
Supply is the reason a pack this size makes sense. HFC production and import step down under the AIM Act, new residential and light commercial equipment has moved to mildly flammable alternatives such as R-454B and R-32, and reclaimed material takes a growing share of what is on the market. Meanwhile the installed base leaks on its own schedule. Holding 250 lb against a season of planned maintenance beats chasing one cylinder on the morning of a callout.",in_stock,,,https://home24care.com/products/25lb-r410a-r-410a-refrigerant-gas-10-cylinders,,https://home24care.com/product-images/b46d25cfcfbc370b-feed.jpg?v=r2,760.00 USD,,,,,10pcs R410A,Home24Care,10 cylinders at 25 lb each for 250 lb total,Non-flammable HFC blend of R-32 and R-125 — the service gas after R-22 left new equipment,Charge as liquid; drawing vapour off a blend changes what stays in the cylinder,Gauges hoses and recovery cylinders must be rated for R-410A pressures,,,,,,,,,new,no,,,,,,,,,,no,25 lb,,,,,,,,,"Hardware > Heating, Ventilation & Air Conditioning",Refrigerants & Gases > Bulk & Pallet Orders,US:::0.00 USD,,0,1,1,3
20pcs R410A,25LB R410A (R-410A) Refrigerant Gas | 20 Cylinders,"R-410A refrigerant in 25 lb cylinders, 20 of them: 500 lb of charge for the installed base of residential and light commercial split systems and heat pumps.
R-410A is an HFC blend that replaced R-22 in residential and light commercial air conditioning and heat pumps. US production of R-22 has ended, so most service work now lands on the installed R-410A base. New split systems are shifting onto mildly flammable replacements, but the existing fleet keeps leaking and keeps needing charge. A 25 lb cylinder is a common service size, and 20 of them come to 500 lb of refrigerant.
Charge it as a liquid. A blend drawn as vapour fractionates, which changes both what enters the system and what is left in the cylinder. Meter liquid into the low side through a metering device with the compressor running, or weigh liquid into the high side of an evacuated system before start-up. Working pressure sits considerably higher than R-22, so gauges, hoses, recovery machines and recovery cylinders all have to be rated for it.
Storage is upright and secured: ventilated, out of direct sun, away from heat and away from anything that could knock a cylinder over. Draw stock first in first out so none sits forgotten at the back of the rack, and run a sign-out per technician so you always know which van holds what. Recover rather than vent, since venting refrigerant is illegal, and leave staging space for empties and filled recovery cylinders.",in_stock,,,https://home24care.com/products/25lb-r410a-r-410a-refrigerant-gas-20-cylinders,,https://home24care.com/product-images/ca8827341e540d83-feed.jpg?v=r2,1540.00 USD,,,,,20pcs R410A,Home24Care,20 cylinders of 25 lb each — 500 lb of R-410A in total,HFC blend that replaced R-22 in split systems and heat pumps,Liquid charging only — metered into the low side or weighed into the high side,Runs at considerably higher pressure than R-22 so gauges hoses and recovery gear must be rated for it,,,,,,,,,new,no,,,,,,,,,,no,25 lb,,,,,,,,,"Hardware > Heating, Ventilation & Air Conditioning",Refrigerants & Gases > Bulk & Pallet Orders,US:::0.00 USD,,0,1,1,3
30pcs R410A,25LB R410A (R-410A) Refrigerant Gas | 30 Cylinders,"Thirty 25 lb cylinders of R-410A — 750 lb of stock for estates and contractors holding charge against tightening HFC supply and a leaking installed base.
Thirty cylinders is a position, not a job quantity. Allowances under the AIM Act step down the volume of new R-410A entering the market, while the installed base keeps leaking and keeps needing charge. Buying at 750 lb is a judgement that availability is the risk, not the purchase — the cost of holding stock set against a store that runs dry mid-season. Contractors who worked the R-22 phase-out recognise the shape of it.
Volume brings obligations. Certification and disposal records have to be kept where an auditor can find them, not assumed. Access to the store wants limiting to named people, and the stock count needs an owner — someone who knows what left and what came back. Storage still has to meet code with every shelf full: cylinders upright, secured against falling, ventilated, clear of heat and direct sun. Heavier than air, the gas settles into pits, plant rooms and basements.
Charging does not change with quantity. Liquid only: metered into the low side with the compressor running, or weighed into the high side of an evacuated system before start-up. R-410A sits close to an azeotrope and its glide is slight, but the liquid rule holds for any blend and costs nothing to follow. Pressures run considerably higher than R-22, so gauges, hoses and recovery kit must be rated for it. This gas is non-flammable; the mildly flammable gases replacing it are not, which matters once a store holds both.",in_stock,,,https://home24care.com/products/25lb-r410a-r-410a-refrigerant-gas-30-cylinders,,https://home24care.com/product-images/4c26881aae292bf5-feed.jpg?v=r2,2280.00 USD,,,,,30pcs R410A,Home24Care,R-410A: an HFC blend of R-32 and R-125 with no ozone-depleting chlorine,25 lb cylinders — 30 in this listing for 750 lb of refrigerant,Liquid charge only: meter into the low side or weigh into the high side,Runs at considerably higher pressure than R-22 — gauges and hoses must be rated for it,,,,,,,,,new,no,,,,,,,,,,no,25 lb,,,,,,,,,"Hardware > Heating, Ventilation & Air Conditioning",Refrigerants & Gases > Bulk & Pallet Orders,US:::0.00 USD,,0,1,1,3
40pcs R410A,25LB R410A (R-410A) Refrigerant Gas | 40 Cylinders,"Forty 25 lb cylinders of R-410A, 1000 lb of charge in total: service gas for the installed base of split systems, heat pumps and light commercial kit.
Replacing R-22 in residential and light commercial air conditioning and heat pumps, R-410A is still what most of the installed base runs on. Forty 25 lb cylinders is stock rather than a van load, so handle it that way: cylinders upright and secured against falling, caps on, kept out of direct heat, and a sign-out against each 25 lb unit that leaves the shelf. Records that hold up later start at the shelf.
Charging is liquid work. R-410A is a blend, so meter liquid into the low side through a metering device with the compressor running, or weigh liquid into the high side of an evacuated system before start-up. Vapour charging is not the specified method for a blend. Working pressures sit considerably above R-22, so gauges, hoses, recovery machine and recovery cylinders all have to be rated for the duty. POE oil is hygroscopic: keep the system closed and change driers.
The wider picture is the transition. New residential and light commercial equipment is shipping with mildly flammable replacements such as R-454B and R-32, which means separate gauges, separate recovery machines, and storage kept apart from non-flammable stock. R-22 production in the US has ended, and R-410A sits between those two generations, so the bench needs to be set up for both. Recover charge rather than vent it, and keep recovery cylinders rated and labelled.",in_stock,,,https://home24care.com/products/25lb-r410a-r-410a-refrigerant-gas-40-cylinders,,https://home24care.com/product-images/839f96c895ae5033-feed.jpg?v=r2,3000.00 USD,,,,,40pcs R410A,Home24Care,Forty 25 lb cylinders — 1000 lb of R-410A,Liquid charge only — metering device on the low side or weighed into the high side of an evacuated system,Runs at considerably higher pressure than R-22 so gauges hoses and recovery kit must be rated for it,Non-flammable — keep it apart from mildly flammable stock such as R-454B and R-32,,,,,,,,,new,no,,,,,,,,,,no,25 lb,,,,,,,,,"Hardware > Heating, Ventilation & Air Conditioning",Refrigerants & Gases > Bulk & Pallet Orders,US:::0.00 USD,,0,1,1,3
5pcs R410A,25LB R410A (R-410A) Refrigerant Gas | 5 Cylinders,"Five 25 lb cylinders of R-410A — 125 lb of the refrigerant that residential and light commercial air conditioning runs on, held as stock rather than chased mid-job.
R-410A is the HFC blend behind residential and light commercial air conditioning and heat pumps — the gas that took over from R-22 in split systems. It works at considerably higher pressure than the refrigerant it replaced, so gauges, hoses and recovery kit have to be rated for it. Gear that was fine on R-22 work is not automatically fine here. Check the rating, not the habit.
Charge it as a liquid. Blends are charged liquid as a matter of practice, and R-410A is no exception — meter it into the low side so the compressor is never slugged, and weigh the charge in rather than reading it off a gauge. Between calls the cylinders want storing upright, secured, out of direct sun and clear of any heat source.
Buying in 5 cylinders at 25 lb gives you 125 lb in hand and a reorder point you can actually see: open the last cylinder, place the next order. That beats ringing round for a single cylinder with a system already open and a customer waiting. Anyone who worked through the end of R-22 production in the States knows which position you want to be in.",in_stock,,,https://home24care.com/products/25lb-r410a-r-410a-refrigerant-gas-5-cylinders,,https://home24care.com/product-images/055b29f7cd24443a-feed.jpg?v=r2,390.00 USD,,,,,5pcs R410A,Home24Care,Five 25 lb cylinders — 125 lb of R-410A total,R-410A took over from R-22 in residential and light commercial air conditioning,Charge as a liquid — standard practice for a blended refrigerant,Runs at considerably higher pressure than R-22 so gauges hoses and recovery kit must be rated for it,,,,,,,,,new,no,,,,,,,,,,no,25 lb,,,,,,,,,"Hardware > Heating, Ventilation & Air Conditioning",Refrigerants & Gases > Bulk & Pallet Orders,US:::0.00 USD,,0,1,1,3
PZ-R448,25LB R448A (R-448A) Refrigerant Gas,"One 25 lb cylinder of R-448A: enough gas to weigh in a fresh charge on a medium- or low-temperature case or walk-in once the leak is repaired.
A display case drops its charge overnight. You find the leak, braze it, pull a vacuum, and then the system wants a weighed charge rather than a top-up guess. This is the quantity for that sort of call: 25 lb of R-448A in one cylinder, which covers a case or a walk-in without splitting a charge across calls. It is a repair quantity, not a rack rebuild.
The blend went into supermarket racks, convenience-store cases, reach-ins, walk-in coolers and freezers, taking over from R-404A and R-507 at both low and medium temperature. Treat it as service and retrofit gas for that equipment: zeotropic, an HFC/HFO mix, A1 on the safety list, and compatible with the POE oil those systems already run. Nothing exotic to learn, but it does not behave like a single-component refrigerant.
Charge it as liquid. Glide is appreciable, so vapour drawn off the top changes the composition of what reaches the system — check the valve in front of you, get liquid out, then throttle into the low side. Dew point for superheat, bubble point for subcooling. After a leak, recover and weigh in fresh rather than topping up. Pressures sit in the R-404A class, considerably above R-22, so confirm hoses, gauges and recovery gear are rated for it. Mark any partial and note the system it came off.",out_of_stock,,,https://home24care.com/products/25lb-r448a-r-448a-refrigerant-gas,,https://home24care.com/product-images/030dfd2fd11cde0f-feed.jpg?v=r2,152.00 USD,,,,,PZ-R448,Home24Care,25 lb of R-448A in one cylinder,Zeotropic HFC/HFO blend with A1 safety classification,Service and retrofit gas for R-404A and R-507 equipment,Liquid charge only — vapour off the top shifts the composition,,,,,,,,,new,no,,,,,,,,,,no,25 lb,,,,,,,,,"Hardware > Heating, Ventilation & Air Conditioning",Refrigerants & Gases > Commercial Refrigerants,US:::0.00 USD,,0,1,1,3
10pcs R448,25LB R448A (R-448A) Refrigerant Gas | 10 Cylinders,"Ten 25 lb cylinders of R-448A, 250 lb in total: a lower-GWP replacement for R-404A and R-507 in commercial refrigeration, charged as liquid.
Ten cylinders is an order you plan for rather than collect on the way to site. That is 250 lb of refrigerant arriving as ten separate 25 lb units, each heavy enough to want both hands and somewhere sensible to stand it. Freight at this size often moves palletised, and palletised goods generally need a booked delivery slot and a way of getting them off the lorry. Confirm how this consignment will arrive before you order.
The blend came in as a lower-GWP replacement for R-404A and R-507 in commercial refrigeration, and that is still where the work sits: service calls, retrofits, and machines converted off R-22 after US production of it ended. Ten cylinders is stock rather than a single charge. Open one at a time and the rest stay sealed, which suits a run of jobs spread over weeks instead of a single commissioning day.
Charge it as liquid. The blend is zeotropic with appreciable glide, so drawing vapour shifts the composition of what is left in the cylinder and what reaches the system. Check the valve on the cylinder and take liquid the way it allows, throttling into the low side. Read dew point for superheat and bubble point for subcooling. POE oil throughout. Pressures sit in the same broad class as the R-404A it replaces and considerably above R-22, so match hoses, gauges and recovery gear. After a leak, recover and weigh in a full charge.",out_of_stock,,,https://home24care.com/products/25lb-r448a-r-448a-refrigerant-gas-10-cylinders,,https://home24care.com/product-images/15d6560eb8d12c3d-feed.jpg?v=r2,1480.00 USD,,,,,10pcs R448,Home24Care,10 cylinders at 25 lb each — 250 lb of refrigerant in total,Liquid charge only — zeotropic glide rules out vapour top-ups,Runs on POE oil — retrofit path off R-404A and R-507,Classified non-flammable — local leak-detection and plant-room rules can still apply,,,,,,,,,new,no,,,,,,,,,,no,25 lb,,,,,,,,,"Hardware > Heating, Ventilation & Air Conditioning",Refrigerants & Gases > Bulk & Pallet Orders,US:::0.00 USD,,0,1,1,3
20pcs R448,25LB R448A (R-448A) Refrigerant Gas | 20 Cylinders,"500 lb of R-448A in 25 lb cylinders — 20 of them, enough site stock for in-house crews servicing R-404A and R-507 equipment.
Twenty cylinders is a storage decision before it is a purchasing one. 500 lb of refrigerant wants a ventilated space where cylinders stand upright and restrained, out of direct sun, away from heat sources, and clear of exits and switchgear. Local fire code sets how much compressed gas a site may hold and where it may sit. Check that before you order, not after the gas is standing in the shop.
Facilities and in-house maintenance departments are the buyers here. Crews carrying leak inspection and repair duties on larger systems benefit most: gas on hand lets a repair finish on the visit instead of waiting on a delivery. Supply of HFC blends tightens in steps as the AIM Act phase-down advances — the other argument for holding stock. Keep a log of what came in, what went into which system, and what left in recovery cylinders. Settle receiving and unloading with whoever handles goods-in before the order ships.
Service and retrofit work on R-404A and R-507 equipment is where this one landed — rack systems, display cases, walk-ins, reach-ins, low and medium temperature alike. The blend is zeotropic with appreciable glide, so it goes in as liquid, throttled into the low side; with a vapour-valve cylinder that means inverting it. Read dew point for superheat and bubble point for subcooling. After a leak, recover and weigh in a complete charge rather than topping up. POE oil, and considerably higher pressure than R-22.",out_of_stock,,,https://home24care.com/products/25lb-r448a-r-448a-refrigerant-gas-20-cylinders,,https://home24care.com/product-images/a039634810105076-feed.jpg?v=r2,2880.00 USD,,,,,20pcs R448,Home24Care,25 lb cylinders — 20 of them for 500 lb total,Service and retrofit gas for R-404A and R-507 equipment,Liquid charge only — never charge this blend as vapour,Store upright and restrained in a ventilated space out of direct sun,,,,,,,,,new,no,,,,,,,,,,no,25 lb,,,,,,,,,"Hardware > Heating, Ventilation & Air Conditioning",Refrigerants & Gases > Bulk & Pallet Orders,US:::0.00 USD,,0,1,1,3
30pcs R448,25LB R448A (R-448A) Refrigerant Gas | 30 Cylinders,"Thirty 25 lb cylinders of R-448A, 750 lb in total, sized for a planned R-404A or R-507 retrofit programme across a store or a small group of sites.
Thirty cylinders is a programme, not a shelf top-up. This quantity suits a planned R-404A or R-507 changeover booked into shutdown windows across a store or a small group of sites. The sequence does not change: recover the old charge, fix any leaks, pull a deep vacuum, then weigh in the new charge. Check the oil requirement against the equipment manufacturer's data for each machine before you convert anything.
R-448A is a zeotropic blend — HFC components with unsaturated HFO — developed as the service and retrofit gas for R-404A and R-507 commercial refrigeration: supermarket racks, display cases, reach-ins, walk-in coolers and freezers, low and medium temperature. Charge it as a liquid. Vapour charging shifts the composition in the cylinder and the composition reaching the system, so draw from the liquid phase and throttle into the low side. Work off a PT chart: dew point for superheat, bubble point for subcooling.
Pressure drives kit selection. This blend runs at considerably higher pressure than R-22, so hoses, manifold, recovery machine and recovery cylinders need to be rated for a high-pressure refrigerant. Do not assume it behaves exactly like the R-404A coming out — work from the data for what you are actually charging. Store cylinders upright, dry and out of direct sun, and leave slack in the quantity for top-ups during commissioning. HFC production in the US is being phased down under the AIM Act, so treat lower-GWP service gas as part of a longer plan.",out_of_stock,,,https://home24care.com/products/25lb-r448a-r-448a-refrigerant-gas-30-cylinders,,https://home24care.com/product-images/d20da3e02cb245df-feed.jpg?v=r2,4200.00 USD,,,,,30pcs R448,Home24Care,R-448A refrigerant in 25 lb cylinders — 30 cylinders in this listing,750 lb of refrigerant in total,Liquid charge only — zeotropic blend with appreciable glide,Service and retrofit gas for R-404A and R-507 equipment,,,,,,,,,new,no,,,,,,,,,,no,25 lb,,,,,,,,,"Hardware > Heating, Ventilation & Air Conditioning",Refrigerants & Gases > Bulk & Pallet Orders,US:::0.00 USD,,0,1,1,3
40pcs R448,25LB R448A (R-448A) Refrigerant Gas | 40 Cylinders,"R-448A in 25 lb cylinders, 40 of them for 1000 lb on hand: service and retrofit depth for R-404A and R-507 refrigeration.
40 cylinders puts 1000 lb of R-448A on the shelf. That is depth for a crew covering several sites, not a top-up for one van. The AIM Act phase-down keeps pulling on HFC supply, and R-448A sits inside that scope — lower-GWP than R-404A, still an HFC blend. Refrigerant kept in sound, dry, undamaged cylinders stores well, so buying deep mostly costs floor space and working capital.
Sort out where 1000 lb is going to live before it arrives. Cylinders want a cool spot out of the sun, upright and restrained, with no heat ever put on the shell. Charging is liquid only: this is a zeotropic blend with appreciable glide, so drawing vapour changes the composition of what leaves the cylinder and what ends up in the system. Check the valve in front of you before you start; a cylinder this size is usually inverted.
Where it goes: supermarket and convenience-store racks, display cases, reach-ins, walk-in coolers and freezers, low and medium temperature alike. It serves as a service charge in equipment built for it and as a retrofit charge for R-404A and R-507 systems. Read the gauges off the right end of the glide — dew point for superheat, bubble point for subcooling. After a leak, recover and weigh in a full charge rather than topping up. POE oil throughout.",out_of_stock,,,https://home24care.com/products/25lb-r448a-r-448a-refrigerant-gas-40-cylinders,,https://home24care.com/product-images/ef0ddd4f71501eec-feed.jpg?v=r2,5120.00 USD,,,,,40pcs R448,Home24Care,40 cylinders at 25 lb each for 1000 lb total,Zeotropic blend: charge liquid only,Service and retrofit charge for R-404A and R-507 refrigeration,Glide means dew point for superheat and bubble point for subcooling,,,,,,,,,new,no,,,,,,,,,,no,25 lb,,,,,,,,,"Hardware > Heating, Ventilation & Air Conditioning",Refrigerants & Gases > Bulk & Pallet Orders,US:::0.00 USD,,0,1,1,3
5pcs R448,25LB R448A (R-448A) Refrigerant Gas | 5 Cylinders,"Five 25 lb cylinders of R-448A, 125 lb total — shelf stock for contractors covering scattered commercial refrigeration service calls.
Five cylinders is shelf stock, not job stock. It suits the independent outfit with a couple of trucks and a run of convenience stores, restaurant walk-ins and small rack systems — enough on hand to cover scattered service calls for a stretch without raising a purchase order every time the phone rings. One cylinder rides in each van, the rest wait in the cage. When the shelf is down to its last pair, order again.
Commercial refrigeration is where it lives: supermarket and convenience-store racks, display cases, reach-ins, walk-in coolers and freezers, low and medium temperature alike. It went in as the service and retrofit answer for R-404A and R-507 equipment, and turns up in converted R-22 machines too — US production of R-22 has ended, so those boxes get retrofitted or replaced. New build has moved on to carbon dioxide and the mildly flammable blends, so the work here is the installed base.
Charge it as liquid. The blend is zeotropic with appreciable glide, so a vapour draw shifts both the composition left in the cylinder and what reaches the system. Pull liquid however the cylinder valve in front of you allows, then throttle into the low side. Read dew point for superheat and bubble point for subcooling. After a leak, recover and weigh in a full charge rather than topping up. POE oil throughout. Pressures sit in R-404A territory, considerably above R-22, so match hoses, gauges and recovery kit to that.",out_of_stock,,,https://home24care.com/products/25lb-r448a-r-448a-refrigerant-gas-5-cylinders,,https://home24care.com/product-images/1d8c6df8fa0ae436-feed.jpg?v=r2,750.00 USD,,,,,5pcs R448,Home24Care,5 cylinders at 25 lb each — 125 lb of R-448A per order,Liquid charge only — zeotropic blend with appreciable glide,Service and retrofit gas for R-404A and R-507 equipment,POE oil — easy from R-404A and not from mineral-oil R-22,,,,,,,,,new,no,,,,,,,,,,no,25 lb,,,,,,,,,"Hardware > Heating, Ventilation & Air Conditioning",Refrigerants & Gases > Bulk & Pallet Orders,US:::0.00 USD,,0,1,1,3
PZ-R449,25LB R449A (R-449A) Refrigerant Gas,"A single 25 lb cylinder of R-449A — the job-sized charge for retrofitting R-404A walk-ins and display cases or servicing commercial kit already running the blend.
One cylinder, 25 lb, is what a week of work orders usually looks like. A leak repair on a walk-in. A display case converted off R-404A. A reach-in the owner wants off a high-GWP blend. Restocking a single cylinder keeps the van ready for the calls you actually get, without capital sitting on a shelf. Top it up when it goes out — that is the whole inventory decision.
Classified A1 under ASHRAE: lower toxicity and no flame propagation in the standard test — not a licence to treat it as harmless in a confined space. The blend was formulated as a lower-GWP stand-in for the high-GWP HFCs that ran commercial refrigeration — supermarket racks at low and medium temperature, display cases, walk-ins, reach-ins, cold stores, ice machines, transport units. R-404A and R-507 are the usual starting points. Retrofit decisions still belong to the equipment manufacturer's guidance: confirm component and lubricant compatibility for the specific machine before the charge goes in.
Charge it as liquid, every time. Meter liquid into the low side through a restrictor with the compressor running, or weigh liquid into the high side with the system off. Vapour-charging a zeotropic blend fractionates it, and what circulates afterwards is no longer R-449A. Glide is real: set superheat and subcooling against dew and bubble points rather than one saturation figure, and expect to retune the expansion valve. Recover into dedicated cylinders — venting is illegal. Store the cylinder upright and secured, cap on and out of direct sun.",in_stock,,,https://home24care.com/products/25lb-r449a-r-449a-refrigerant-gas,,https://home24care.com/product-images/aa15bf36cb9ae4bd-feed.jpg?v=r2,152.00 USD,,,,,PZ-R449,Home24Care,Single 25 lb cylinder — the everyday service and van-stock size,Classified A1 under ASHRAE: lower toxicity and no flame propagation under test,Zeotropic HFC blend formulated as a lower-GWP stand-in for high-GWP commercial blends,Retrofit candidate for R-404A and R-507 commercial refrigeration — check the OEM guidance per machine,,,,,,,,,new,no,,,,,,,,,,no,25 lb,,,,,,,,,"Hardware > Heating, Ventilation & Air Conditioning",Refrigerants & Gases > Commercial Refrigerants,US:::0.00 USD,,0,1,1,3
10pcs R449,25LB R449A (R-449A) Refrigerant Gas | 10 Cylinders,"Ten 25 lb cylinders of R-449A — 250 lb of service float for a multi-site refrigeration fleet still running R-404A-era racks and cases.
Ten cylinders is a float, not a buy for a single job. 250 lb sits behind a cluster of stores or a distribution centre and absorbs a bad month. Each 25 lb cylinder is a manual lift; the consignment as a whole is not, so think about handling and where it will live. Many local codes limit how much compressed gas may sit in a single area, and a bulk holding wants ventilation, restraint and distance from exits.
Most of what this blend charges was built for R-404A or R-507: supermarket low- and medium-temperature racks, display cases, walk-ins, reach-ins, cold stores, ice machines. Capacity and pressures sit close to R-404A, which is the point of the blend — in many retrofits the compressor, pressure controls and POE oil can stay, though that is a per-system call. As high-GWP stock gets harder to source under the HFC phase-down, retrofitting the rack you have is often the practical route.
Charge liquid, every time — from the liquid port, metered into the low side, or weighed into the high side with the system off. Vapour-charging a zeotropic blend fractionates it, and what runs afterwards is no longer R-449A. Glide is real: work superheat and subcooling off dew and bubble points rather than a single saturation figure, and expect to retune the valve. Read the data plate and service history before topping up. Venting is prohibited in most jurisdictions — recover into dedicated cylinders, unmixed.",in_stock,,,https://home24care.com/products/25lb-r449a-r-449a-refrigerant-gas-10-cylinders,,https://home24care.com/product-images/beb204a79a429250-feed.jpg?v=r2,1480.00 USD,,,,,10pcs R449,Home24Care,Ten cylinders at 25 lb each — 250 lb total,Service float sized for a multi-site fleet,Retrofit and top-up charge for R-404A and R-507 commercial refrigeration,Zeotropic blend — liquid charging only,,,,,,,,,new,no,,,,,,,,,,no,25 lb,,,,,,,,,"Hardware > Heating, Ventilation & Air Conditioning",Refrigerants & Gases > Bulk & Pallet Orders,US:::0.00 USD,,0,1,1,3
20pcs R449,25LB R449A (R-449A) Refrigerant Gas | 20 Cylinders,"Twenty 25 lb cylinders of R-449A — 500 lb of gas for crews working through a run of R-404A racks, display cases and cold stores on a schedule.
Twenty cylinders is a programme, not a callout. Quantities like this get bought against a survey — charge weights totted up, recovery cylinders and labour booked, conversions sequenced store by store over weeks. Work out the charge per machine first, so 500 lb lands against a real list of cases and racks rather than a guess. Stage full and empty cylinders apart, arrange returns before the empties pile up, and account for recovered R-404A separately from incoming stock.
The blend itself is a four-component HFC/HFO mix, classified A1: non-toxic, non-flammable. It went into service as the lower-GWP stand-in for R-404A and R-507 across commercial refrigeration — supermarket low- and medium-temperature racks, display cases, walk-ins, cold stores, reach-ins, ice machines, transport units. Pressures and capacity land near enough to R-404A that the compressor, pressure controls and POE charge usually stay. With the HFC phase-down squeezing the high-GWP blends hardest, that retrofit path is where most of this gas goes.
Charge liquid, always. Draw off the liquid port and meter into the low side through a restrictor, or weigh into the high side with the system off — vapour-charging a zeotropic blend fractionates it, and what runs after is no longer R-449A. Top-ups follow the same rule. Glide is real, so set superheat and subcooling off dew and bubble points, not one saturation value, and expect to retune the valve. No flammability controls needed, unlike the A2Ls going into new builds. Keep cylinders upright and secured, out of the sun. Relabel every nameplate you touch.",in_stock,,,https://home24care.com/products/25lb-r449a-r-449a-refrigerant-gas-20-cylinders,,https://home24care.com/product-images/f0be09b3c363852b-feed.jpg?v=r2,2880.00 USD,,,,,20pcs R449,Home24Care,20 cylinders at 25 lb each — 500 lb of R-449A,Lower-GWP replacement for R-404A and R-507 in commercial refrigeration,Liquid charging only — vapour draw fractionates a zeotropic blend,Zeotropic glide — set superheat and subcooling off dew and bubble points,,,,,,,,,new,no,,,,,,,,,,no,25 lb,,,,,,,,,"Hardware > Heating, Ventilation & Air Conditioning",Refrigerants & Gases > Bulk & Pallet Orders,US:::0.00 USD,,0,1,1,3
5pcs R449,25LB R449A (R-449A) Refrigerant Gas | 5 Cylinders,"Five 25 lb cylinders of R-449A — 125 lb in total — the lower-GWP HFC/HFO blend used in place of R-404A and R-507 on commercial refrigeration plant.
R-449A is a zeotropic blend of HFCs with an HFO component, R-1234yf, which is what pulls its GWP down against R-404A. It arrived as a retrofit and service gas for R-404A and R-507 plant in commercial refrigeration, and newer kit is built around it from the factory. Medium- and low-temperature duty both sit in its range. Whether a given machine takes it, and on what oil, is a question for the OEM's retrofit guidance rather than an assumption.
The safety group it sits in means lower toxicity and no flame propagation in the standard test — lower toxicity, which is not the same as non-toxic. Vapour is heavier than air and will push oxygen out of a pit, a plant room or a walk-in. Across a flame or a glowing surface it decomposes into irritant, corrosive products. Ventilate the space, keep a leak away from ignition sources and wear eye protection when you break into a liquid line.
Charge liquid, every time. Pull from the liquid port and meter into the low side through a restrictor, or weigh into the high side with the system off. Vapour draw-off fractionates a blend this wide and what comes out next is no longer R-449A. Topping up follows the same rule. Glide is real, so work superheat and subcooling off dew and bubble points rather than a single saturation value, and expect to retune the expansion valve.",in_stock,,,https://home24care.com/products/25lb-r449a-r-449a-refrigerant-gas-5-cylinders,,https://home24care.com/product-images/f04e87c3ecf33296-feed.jpg?v=r2,750.00 USD,,,,,5pcs R449,Home24Care,Five 25 lb cylinders of R-449A — 125 lb all in,Retrofit and service gas for R-404A and R-507 commercial refrigeration plant,Zeotropic HFC/HFO blend — set superheat and subcooling off dew and bubble points,Liquid charging only — vapour draw-off shifts what is left in the cylinder,,,,,,,,,new,no,,,,,,,,,,no,25 lb,,,,,,,,,"Hardware > Heating, Ventilation & Air Conditioning",Refrigerants & Gases > Bulk & Pallet Orders,US:::0.00 USD,,0,1,1,3
30pcs R449,25LB R449A (R-449A) Refrigerant Gas |30 Cylinders,"Thirty 25 lb cylinders of R-449A — 750 lb of retrofit charge for R-404A and R-507 low- and medium-temperature refrigeration systems.
Thirty cylinders at 25 lb apiece comes to 750 lb of charge — a retrofit-programme quantity rather than a single call-out. R-449A exists for that work: a service blend for R-404A and R-507 kit, brought in under the HFC phase-down rather than to open a new chemistry. Technicians who saw US R-22 production end will recognise the shape of the job.
What you are charging is a zeotropic blend of HFC and HFO components. It sits in the lowest ASHRAE safety class: lower toxicity, no flame propagation under test conditions. That is not the same as harmless — it displaces oxygen in a pit or a cold store, and hot surfaces or an open flame break it down into acid gases. Typical duty is supermarket low- and medium-temperature racks, remote and self-contained cases, walk-ins, reach-ins, cold stores, ice machines and transport units.
Charge liquid, every time. Draw from the liquid port and meter into the low side, or weigh into the high side with the system off; vapour off the top fractionates the blend, and what runs afterwards is no longer R-449A. Glide is real — read superheat and subcooling against dew and bubble points, and expect to retune the valve. Take the lubricant and component checks from the equipment manufacturer's retrofit guidance. Store upright and secured, out of sun, caps on. Recover into dedicated cylinders; venting is illegal.",in_stock,,,https://home24care.com/products/25lb-r449a-r-449a-refrigerant-gas-30-cylinders,,https://home24care.com/product-images/25248779531899ad-feed.jpg?v=r2,4200.00 USD,,,,,30pcs R449,Home24Care,30 cylinders at 25 lb each — 750 lb of R-449A in this listing,Service blend for R-404A and R-507 equipment — zeotropic HFC/HFO mix,Liquid charge only — vapour draw fractionates the blend,Glide means reading superheat and subcooling against dew and bubble points,,,,,,,,,new,no,,,,,,,,,,no,25 lb,,,,,,,,,"Hardware > Heating, Ventilation & Air Conditioning",Refrigerants & Gases > Bulk & Pallet Orders,US:::0.00 USD,,0,1,1,3
40pcs R449,25LB R449A (R-449A) Refrigerant Gas |40 Cylinders,"40 cylinders of R-449A at 25 lb each, 1000 lb of service charge held on site for an installed base that will outlast the blends it was built for.
40 cylinders is a stocking decision, not a service call. The AIM Act phase-down keeps shrinking the HFC allowance, and the highest-GWP blends give up the most ground first. Operators reach this tier when the installed base is large, no capital is approved to replace it, and holding charge now looks easier than chasing it later. R-22 set the precedent: US production ended, the machines kept running.
Sort the receiving end before you order. Confirm how the cylinders will arrive and what handling you will have on site, because 1000 lb is not a hand-carry. Store them upright and secured, ventilated, out of direct sun and away from heat, caps on when nothing is connected. Ask the local fire official what the quantity requires. Take the safety classification off the cylinder label and the safety data sheet, not off the last blend you ran. And watch the inventory: stock forgotten in a corner is stock paid for twice.
Supermarket racks, display cases, walk-ins, cold stores and transport refrigeration are where this gas goes, into kit that mostly left the factory on R-404A or R-507. Before converting a machine, check the compressor manufacturer's retrofit guidance and what it says about oil. Charge liquid every time, top-ups included, or the blend fractionates and you finish up running something else. Zeotropic blends have glide, so work superheat and subcooling off dew and bubble points and expect to retune the valve.",in_stock,,,https://home24care.com/products/25lb-r449a-r-449a-refrigerant-gas-40-cylinders,,https://home24care.com/product-images/749b53b8fb37b522-feed.jpg?v=r2,5440.00 USD,,,,,40pcs R449,Home24Care,40 cylinders at 25 lb each for 1000 lb total,Liquid charge only — vapour draw fractionates the blend,Zeotropic blend — set superheat and subcooling off dew and bubble points,Service and retrofit gas for R-404A and R-507 systems,,,,,,,,,new,no,,,,,,,,,,no,25 lb,,,,,,,,,"Hardware > Heating, Ventilation & Air Conditioning",Refrigerants & Gases > Bulk & Pallet Orders,US:::0.00 USD,,0,1,1,3
flush-it-26lb-with-gauge-15,26lb Flush-It Refrigerant Cleaner with Gauge – Made in USA,"A 26 lb cylinder of Flush-It line-set cleaner supplied with a gauge, made in the USA.
Flush-It is a line-set cleaner, not a refrigerant. The 26 lb cylinder is a large quantity of solvent by the standards of this job, which is the point — a contractor clearing line sets after burnouts goes through flush far faster than a single aerosol can anticipates, and the gauge comes in the box.
Use it where the copper has to be clean before a new charge goes in: after a compressor failure, or ahead of a retrofit where residue from the old oil would contaminate the new refrigerant. Purge thoroughly and let the line set dry before pulling a vacuum.",in_stock,,,https://home24care.com/products/26lb-flush-it-refrigerant-cleaner-with-gauge-made-in-usa,,https://home24care.com/product-images/1c4bcb2bce105c2d-feed.jpg?v=r2,112.00 USD,,,,,flush-it-26lb-with-gauge-15,RGAS,26 lb cylinder,Gauge included,Line-set and system cleaner,For use after burnout or before retrofit,,,,,,,,,new,no,,,,,,,,,,yes,26 lb,,,,,,,,,Hardware > Building Consumables > Chemicals,Refrigerants & Gases > Maintenance Supplies,US:::0.00 USD,,0,1,1,3
PZ-134,30 LB R134A (R-134A) Refrigerant Gas,"R-134a in a 30 lb cylinder — the single-component HFC that replaced R-12, stocked for servicing the equipment whose data plate still calls for it.
R-134a took over from R-12 as HFCs displaced CFCs, and it has been the service refrigerant for automotive air conditioning, medium-temperature commercial refrigeration and chillers ever since. New designs have been moving towards lower-GWP options, but the installed base still needs charging. Match the cylinder to the data plate: run R-134a where the equipment was built or retrofitted for it, and never mix refrigerants in a system.
Charging is simple compared with a blend. R-134a is a single-component refrigerant, so nothing fractionates and a vapour charge leaves the composition alone — pressure and temperature track one curve, with no dew-point and bubble-point arithmetic to do. Head pressure sits somewhat above R-12 at the same condensing temperature, and well below R-410A, so check the system's own design pressures before any retrofit.
Safety is undramatic but not nothing. The gas is non-flammable and low in toxicity, yet it is heavier than air: a leak pools in pits, plant rooms and low spaces and displaces oxygen. Ventilation, leak detection and whatever machinery-room rules apply still stand. On R-12 retrofits, mineral oil will not return with R-134a, so follow the equipment maker's lubricant spec. Recover, evacuate, then weigh the charge in: how far 30 lb goes depends on the system.",in_stock,,,https://home24care.com/products/30-lb-r134a-r-134a-refrigerant-gas,,https://home24care.com/product-images/8f38a468edac44aa-feed.jpg?v=r2,124.00 USD,,,,,PZ-134,Home24Care,Quantity: one 30 lb cylinder,Single-component HFC with no temperature glide,Charge as vapour or liquid without shifting composition,Replaced R-12 in automotive AC and commercial refrigeration,,,,,,,,,new,no,,,,,,,,,,no,30 lb,,,,,,,,,"Hardware > Heating, Ventilation & Air Conditioning",Refrigerants & Gases > Legacy Refrigerants,US:::0.00 USD,,0,1,1,3
PZ-134-YU,30 lb R134A Refrigerant Cylinder for Automotive A/C & Refrigeration,"Product Overview

 R134A is a single-component HFC refrigerant used in compatible automotive air conditioning, chillers and medium-temperature refrigeration equipment. This 30 lb cylinder is intended for professional service of systems designed and labeled for R134A.

 Key Benefits

 

• 30 lb R134A refrigerant cylinder 

• Suitable for compatible automotive air conditioning 

• Used in approved chillers and commercial refrigeration 

• Single-component HFC refrigerant 

• Designed for professional cooling-system service 
 
 Compatibility Notice

 Use R134A only in equipment designed and labeled for R134A. Do not use it in R1234yf systems or mix it with another refrigerant. Any refrigerant conversion must follow the equipment manufacturer's approved procedure.",in_stock,,,https://home24care.com/products/freon-steel-cylinder-packaging-r134a-30lb-tank-cylinder-refrigerant-for-air-conditioners,,https://home24care.com/product-images/607d772e1be71048-feed.jpg?v=r2,280.00 USD,,,,,PZ-134-YU,Home24Care,• Suitable for compatible automotive air conditioning,• Used in approved chillers and commercial refrigeration,• Single-component HFC refrigerant,• Designed for professional cooling-system service,,,,,,,,,new,no,,,,,,,,,,no,30 lb,,,,,,,,,"Hardware > Heating, Ventilation & Air Conditioning",Refrigerants & Gases > Commercial Refrigerants,US:::0.00 USD,30 lb,0,1,1,3
PZ-22-ZU-us,30 lb R22 Refrigerant Cylinder for HVAC & Refrigeration,"Product Overview


 
 R22 refrigerant, also known as HCFC-22, is used to service existing air conditioning, heat pump and refrigeration systems designed for R22. This 30 lb cylinder is suitable for professional HVAC maintenance and compatible residential or light commercial equipment.
 


 Key Benefits


 
 
• 30 lb R22 refrigerant cylinder 
 
• For existing R22-compatible HVAC systems 
 
• Suitable for air conditioning and heat pump systems 
 
• Compatible with residential and light commercial equipment 
 
• Designed for professional HVAC service and maintenance 
 

 Compatibility Notice


 
 Use R22 only in equipment specifically designed and labeled for R22 refrigerant. Do not use it in systems designed for R410A, R32, R454B or other refrigerants. Verify the equipment nameplate before purchase.",in_stock,,,https://home24care.com/products/30lb-r22-refrigerant-freon-for-air-conditioners-steel-cylinder-packaging-tank,,https://home24care.com/product-images/289fff313e101d9d-feed.jpg?v=r2,260.00 USD,,,,,PZ-22-ZU-us,Home24Care,• For existing R22-compatible HVAC systems,• Suitable for air conditioning and heat pump systems,• Compatible with residential and light commercial equipment,• Designed for professional HVAC service and maintenance,,,,,,,,,new,no,,,,,,,,,,no,30 lb,,,,,,,,,"Hardware > Heating, Ventilation & Air Conditioning",Refrigerants & Gases > Commercial Refrigerants,US:::0.00 USD,30 lb,0,1,1,3
134a,"30lb R-134a Refrigerant, Automotive, 1/2 ACME","A 30 lb cylinder of R-134a with a 1/2 ACME service fitting, sized for automotive air-conditioning work.
R-134a is the single-component HFC that carried motor-vehicle air conditioning for two decades, and it stays in service across a very large fleet of older vehicles alongside plenty of stationary equipment. The 30 lb cylinder is the size most shops buy: enough for a working week of recharges without committing to a pallet.
This cylinder carries a 1/2 ACME fitting, which is the automotive service connection — check it against your manifold set before ordering, because the HVAC version of the same gas ships on a 1/4 ACME port and the two do not interchange without an adapter.",in_stock,,,https://home24care.com/products/30lb-r-134a-refrigerant-automotive-1-2-acme,,https://home24care.com/product-images/607d772e1be71048-feed.jpg?v=r2,139.60 USD,,,,,134a,Home24Care,30 lb cylinder,1/2 ACME automotive service fitting,Single-component HFC — no fractionation concern,Sized for vehicle air-conditioning service,,,,,,,,,new,no,,,,,,,,,,no,30 lb,,,,,,,,,"Hardware > Heating, Ventilation & Air Conditioning",Refrigerants & Gases > Legacy Refrigerants,US:::0.00 USD,,0,1,1,3
34H-1,"30lb R-134a Refrigerant, HVAC, 1/4 ACME","A 30 lb cylinder of R-134a on a 1/4 ACME fitting, for stationary HVAC and refrigeration service.
The same R-134a, on the HVAC service connection rather than the automotive one. A 1/4 ACME port is what stationary equipment and most HVAC manifold sets expect, and it is the detail to check before ordering — the automotive 1/2 ACME version of this cylinder will not connect to the same hoses without an adapter.
R-134a still charges a long list of chillers, commercial coolers and medium-temperature equipment as well as vehicles. Being a single compound, it has no glide and no blend composition to protect, so charging is about as forgiving as refrigerant work gets.",in_stock,,,https://home24care.com/products/30lb-r-134a-refrigerant-hvac-1-4-acme,,https://home24care.com/product-images/a38e76d099aeda11-feed.jpg?v=r2,120.00 USD,,,,,34H-1,Home24Care,30 lb cylinder,1/4 ACME HVAC service fitting,Single-component HFC — no temperature glide,For stationary HVAC and refrigeration,,,,,,,,,new,no,,,,,,,,,,no,30 lb,,,,,,,,,"Hardware > Heating, Ventilation & Air Conditioning",Refrigerants & Gases > Legacy Refrigerants,US:::0.00 USD,,0,1,1,3
22Brown,30lb R-22 Refrigerant Center,"A 30 lb cylinder of R-22 for service work on equipment still charged with it.
A 30 lb cylinder of R-22 — the standard service size for the refrigerant that charged residential and commercial air conditioning for decades and still sits in a great deal of working equipment.
Since US production ended under the phase-out, every cylinder available is pre-ban or reclaimed stock, and the supply tightens rather than loosens. For a sound system with years of life left, topping up remains the straightforward choice; for one that leaks, the honest comparison is against the cost of a retrofit blend.",in_stock,,,https://home24care.com/products/30lb-r-22-refrigerant-center,,https://home24care.com/product-images/a62615c654ff801c-feed.jpg?v=r2,179.60 USD,,,,,22Brown,Home24Care,30 lb cylinder,HCFC — US production ended under the phase-out,Standard service size,For existing R-22 air-conditioning and refrigeration equipment,,,,,,,,,new,no,,,,,,,,,,no,30 lb,,,,,,,,,"Hardware > Heating, Ventilation & Air Conditioning",Refrigerants & Gases > Legacy Refrigerants,US:::0.00 USD,,0,1,1,3
22G,"30lb R-22 Refrigerant, Virgin – Made in USA","A 30 lb cylinder of virgin R-22, made in the USA, for service work on equipment that still runs on it.
R-22 has not been produced in the United States since the phase-out completed, so every cylinder on the market is pre-ban or reclaimed stock and the supply only moves in one direction. This one is virgin product in a 30 lb cylinder, made in the USA.
That scarcity is worth planning around. If you maintain equipment still charged with R-22, the decision in front of you is usually whether to keep topping it up or to retrofit to one of the replacement blends — and the arithmetic shifts every year. For a system that has years left in it and no leak, a cylinder of virgin gas is still the cleanest answer.",in_stock,,,https://home24care.com/products/30lb-r-22-refrigerant-virgin-made-in-usa,,https://home24care.com/product-images/289fff313e101d9d-feed.jpg?v=r2,223.60 USD,,,,,22G,Home24Care,30 lb cylinder,Virgin refrigerant — not reclaimed,Made in USA,HCFC — US production ended under the phase-out,,,,,,,,,new,no,,,,,,,,,,no,30 lb,,,,,,,,,"Hardware > Heating, Ventilation & Air Conditioning",Refrigerants & Gases > Legacy Refrigerants,US:::0.00 USD,,0,1,1,3
40 R513,"30lb R-513A Refrigerant, Low-GWP R-134a Replacement","A 30 lb cylinder of R-513A, the lower-GWP azeotropic replacement for R-134a.
R-513A is the lower-GWP stand-in for R-134a, and it is an azeotrope — which in practice means it behaves much like a single compound in service, with effectively no temperature glide to complicate superheat and subcooling. That makes it one of the more comfortable transitions available as the phase-down tightens.
Supplied in a 30 lb cylinder. Check lubricant compatibility for the specific equipment before a changeover; a low-GWP swap is still a refrigerant change, and the system's oil and seals get a say.",in_stock,,,https://home24care.com/products/30lb-r-513a-refrigerant-low-gwp-r-134a-replacement,,https://home24care.com/product-images/3e3b5cc11399f825-feed.jpg?v=r2,72.00 USD,,,,,40 R513,Home24Care,30 lb cylinder,Lower-GWP replacement for R-134a,Azeotropic — effectively no temperature glide,Check lubricant compatibility before retrofit,,,,,,,,,new,no,,,,,,,,,,no,30 lb,,,,,,,,,"Hardware > Heating, Ventilation & Air Conditioning",Refrigerants & Gases > Legacy Refrigerants,US:::0.00 USD,,0,1,1,3
10pcs R134,30LB R134A (R-134A) Refrigerant Gas | 10 Cylinders,"Ten 30 lb cylinders — 300 lb of R-134a — for shops issuing gas to several vans or a facilities crew servicing its own chillers and display cases.
Ten cylinders at 30 lb apiece, 300 lb of R-134a in total. Buying at this depth is rarely about one job. It is a shared shelf several vans draw from, or a facilities department servicing its own chillers and display cases instead of calling a contractor out. Sign cylinders out as they leave, log the weight against the machine, and the shelf tells you who took what.
As a refrigerant, R-134a is single-component rather than a blend. Blends carry glide and have to be charged as liquid; a single component does not, so vapour or liquid both work and superheat and subcooling come straight off a pressure-temperature chart. It is non-flammable and low in toxicity, which is much of why it held the medium-temperature default while the mildly flammable alternatives were still arriving.
It displaced R-12 across light-vehicle air conditioning, bottle coolers, vending, water coolers, transport units, medium-temp racks, and a deep population of centrifugal and screw chillers. The lubricant changed with it: equipment built for R-134a runs on synthetic oil rather than the mineral oil R-12 tolerated. Store cylinders upright and secured, out of sun and away from heat. Buying against a maintenance calendar beats buying the day a compressor comes apart.",in_stock,,,https://home24care.com/products/30lb-r134a-r-134a-refrigerant-gas-10-cylinders,,https://home24care.com/product-images/1f94e98a1b4179ef-feed.jpg?v=r2,1180.00 USD,,,,,10pcs R134,Home24Care,Ten 30 lb cylinders — 300 lb of R-134a in total,R-134a is single-component rather than a blend — no glide to design around,Vapour or liquid charging both work off a pressure-temperature chart,Non-flammable and low in toxicity as refrigerants go,,,,,,,,,new,no,,,,,,,,,,no,30 lb,,,,,,,,,"Hardware > Heating, Ventilation & Air Conditioning",Refrigerants & Gases > Bulk & Pallet Orders,US:::0.00 USD,,0,1,1,3
20pcs R134,30LB R134A (R-134A) Refrigerant Gas | 20 Cylinders,"Twenty 30 lb cylinders of R-134a, 600 lb in total — planning stock for the car air conditioning and medium-temperature refrigeration systems this HFC was built around.
R-134a replaced R-12 when the CFCs went out, and it became the default in car air conditioning and in medium-temperature commercial refrigeration. It is a single compound rather than a blend, so there is no glide to design around and no fractionation to worry about: charge it as vapour or as liquid and what leaves the cylinder is what was in it. It is non-flammable, so handling stays conventional.
Oil discipline matters as much as the gas. Mineral oil will not return with R-134a, which is why these systems run on PAG or POE, and an old R-12 machine dragged across without the oil work will punish its compressor. Venting is prohibited, so keep recovery cylinders and a working machine to hand before anything gets opened, and label recovered gas so it never gets confused with unused stock.
Thirty pounds a cylinder across 20 cylinders is 600 lb — stock for work already on a schedule rather than cover for one bad call-out. Sort the space first: cool, ventilated, out of direct sun, cylinders upright and secured so none can fall or roll. Confirm how and when the quantity will arrive before the day it does, and check the count and condition against the paperwork while that is still easy to do. New vehicle systems have moved to R-1234yf; the installed R-134a base has not gone anywhere.",in_stock,,,https://home24care.com/products/30lb-r134a-r-134a-refrigerant-gas-20-cylinders,,https://home24care.com/product-images/06214025c25192fe-feed.jpg?v=r2,2280.00 USD,,,,,20pcs R134,Home24Care,Twenty cylinders at 30 lb each for 600 lb of R-134a,Single compound rather than a blend so there is no glide or fractionation,Non-flammable HFC that took over from R-12 in car and commercial systems,Needs PAG or POE oil — mineral oil will not return with R-134a,,,,,,,,,new,no,,,,,,,,,,no,30 lb,,,,,,,,,"Hardware > Heating, Ventilation & Air Conditioning",Refrigerants & Gases > Bulk & Pallet Orders,US:::0.00 USD,,0,1,1,3
30pcs R134,30LB R134A (R-134A) Refrigerant Gas | 30 Cylinders,"Thirty 30 lb cylinders of R-134a — 900 lb total for the retrofit or fleet programme you want finished without pausing to chase the next delivery.
Thirty cylinders is the quantity you buy when the work is already scoped. A changeout across a building, a fleet of transport units, a bank of medium-temperature cases — none of that wants a pause halfway through while the next delivery is chased. Carrying 900 lb covers the other reason shops buy ahead: the installed base running on R-134a is large, and the service work on it does not arrive politely spaced.
Work out where it goes before you order. Fire code limits how much compressed gas can sit in one room, and those limits turn on the room, the building and its use — check what your space is rated for instead of assuming it will take the lot. Each cylinder stands upright and secured, clear of direct sun, heaters, welding and vehicle exhaust, in a ventilated space. Split the quantity across compliant locations if one room will not hold it. This is a storage decision first.
As a single compound rather than a blend, tetrafluoroethane charges as liquid or vapour and carries no glide to design around, so superheat and subcooling read straight off the pressure-temperature relationship. Moderate pressure class, non-flammable, low in toxicity. Retrofits fail on oil rather than refrigerant: mineral oil is not miscible, so plan polyol ester or PAG with a fresh drier. Handling deserves a thought as well — 30 lb is an easy lift, 900 lb across a store room floor wants a trolley and a second pair of hands.",in_stock,,,https://home24care.com/products/30lb-r134a-r-134a-refrigerant-gas-30-cylinders,,https://home24care.com/product-images/1ce30d2a996d467a-feed.jpg?v=r2,3360.00 USD,,,,,30pcs R134,Home24Care,Thirty 30 lb cylinders — 900 lb of R-134a in total,Single-compound HFC with no fractionation and no temperature glide,Charges as liquid or as vapour,Not miscible with mineral oil — plan POE or PAG with a fresh drier,,,,,,,,,new,no,,,,,,,,,,no,30 lb,,,,,,,,,"Hardware > Heating, Ventilation & Air Conditioning",Refrigerants & Gases > Bulk & Pallet Orders,US:::0.00 USD,,0,1,1,3
40pcs R134,30LB R134A (R-134A) Refrigerant Gas | 40 Cylinders,"Forty 30 lb cylinders of R-134a — 1200 lb total of a single-compound HFC that still services medium-temperature refrigeration, chillers and older vehicle air conditioning.
R-134a is a single-compound HFC, and it took over most of the work R-12 used to do: medium-temperature commercial refrigeration, centrifugal and screw chillers, transport boxes and older vehicle air conditioning. A lot of that plant is still running, and running plant still needs gas. What is here is 40 cylinders at 30 lb each, so 1200 lb of R-134a in total.
One compound means no temperature glide, so there is nothing to fractionate and no liquid-only rule at the charging hose. Vapour or liquid, what comes out matches what is in the cylinder. That is the working difference from a zeotropic blend. Oil is the other one: R-134a does not carry mineral oil the way R-12 did, so take the lubricant and any changeover steps from the equipment maker rather than from habit.
Store the cylinders upright and secured, out of direct sun and away from heat. Pull the oldest ones first so nothing sits at the back of the rack for years. Logging what leaves against the job it went into is ordinary stores discipline, and it makes the next order easier to size. If the quantity moves as palletised freight, remember a pallet needs a delivery appointment and something to unload with.",in_stock,,,https://home24care.com/products/30lb-r134a-r-134a-refrigerant-gas-40-cylinders,,https://home24care.com/product-images/7b99db1ef14d8a15-feed.jpg?v=r2,4320.00 USD,,,,,40pcs R134,Home24Care,40 cylinders at 30 lb each — 1200 lb of R-134a total,Single-compound HFC — no temperature glide and nothing to fractionate,Charges as vapour or liquid unlike a zeotropic blend,Service gas for medium-temperature refrigeration and older vehicle air conditioning,,,,,,,,,new,no,,,,,,,,,,no,30 lb,,,,,,,,,"Hardware > Heating, Ventilation & Air Conditioning",Refrigerants & Gases > Bulk & Pallet Orders,US:::0.00 USD,,0,1,1,3
5pcs R134,30LB R134A (R-134A) Refrigerant Gas | 5 Cylinders,"Five 30 lb cylinders of R-134a: 150 lb of gas in the pack and the single-compound HFC that took over from R-12 in automotive and medium-temperature refrigeration.
Tetrafluoroethane is a single compound, not a blend. Nothing fractionates, there is no glide to design around, and superheat and subcooling read straight off the pressure-temperature chart. Charge it as vapour or as liquid; either works. It carries no chlorine, which is why it took over from R-12 in car and light-truck air conditioning, in medium-temperature commercial refrigeration, in bottle coolers, dehumidifiers and small chillers.
Five cylinders is stock rather than a single job. Open one and four stay sealed, so the shelf answers the next call without a run to the counter. Set the reorder point off your own logbook: burn rate follows your job mix, and nobody can read it off the pack size. Automotive work concentrates in the first hot weeks of the year, so plan the shelf against that season.
Regulatory footing differs from the gas it replaced. R-12 went out under the ozone rules; R-134a is an HFC and falls under the US phase-down instead. On a changeover, oil compatibility is the usual catch, so work to the system manufacturer's retrofit instructions rather than habit. Keep cylinders upright and out of direct sun, and charge by weight off a scale.",in_stock,,,https://home24care.com/products/30lb-r134a-r-134a-refrigerant-gas-5-cylinders,,https://home24care.com/product-images/b5a15cec3c92170b-feed.jpg?v=r2,600.00 USD,,,,,5pcs R134,Home24Care,Five 30 lb cylinders — 150 lb of R-134a in the pack,Single-compound HFC with no glide and no fractionation,Charges as vapour or as liquid,The HFC that replaced R-12 in automotive and medium-temperature systems,,,,,,,,,new,no,,,,,,,,,,no,30 lb,,,,,,,,,"Hardware > Heating, Ventilation & Air Conditioning",Refrigerants & Gases > Bulk & Pallet Orders,US:::0.00 USD,,0,1,1,3
PZ-22-ZU-US,30LB R22 (R-22) Refrigerant Gas,"A single 30 lb cylinder of R-22 for the diagnosed service call: one compound with no glide, charged by weight against the nameplate on the machine.
This is the cylinder that goes on the van after the leak search, not before it. Gauges are already on the machine and the nameplate charge is known, so the only question left is how much weight goes back in. How far a 30 lb cylinder goes depends on that nameplate, so read it and charge by weight rather than by pressure alone. Recover the old charge; venting it is not an option.
Being a single compound rather than a blend, R-22 has no glide and cannot fractionate, so vapour charging off the cylinder stays legitimate; a blend has to come out as liquid. Pressures run well above the R-12 it displaced and well below R-410A. The original equipment was designed around mineral oil, which is why a retrofit to R-407C or R-422D is rarely the tidy swap the datasheet implies — oil, driers and seals come with it.
New production and import for US service have ended under the phase-out, and that is not a step that reverses. So the conversation on site is the same every time: top up a leak you have found and fixed, retrofit with the oil and component work that implies, or change the machine out. Note what went in, keep the cylinder upright, and log the recovery against the job.",in_stock,,,https://home24care.com/products/30lb-r22-r-22-refrigerant-gas,,https://home24care.com/product-images/6ea19602436f2e06-feed.jpg?v=r2,112.00 USD,,,,,PZ-22-ZU-US,Home24Care,Single 30 lb cylinder — 30 lb total,One compound with no glide — charge as vapour or liquid,Cannot fractionate in the cylinder the way a blend can,Higher pressure than the R-12 it displaced and lower than R-410A,,,,,,,,,new,no,,,,,,,,,,no,30 lb,,,,,,,,,"Hardware > Heating, Ventilation & Air Conditioning",Refrigerants & Gases > Legacy Refrigerants,US:::0.00 USD,,0,1,1,3
10pcs R22,30LB R22 (R-22) Refrigerant Gas | 10 Cylinders,"Ten 30 lb cylinders of R-22 — 300 lb of single-component HCFC — sized for contractors holding planned maintenance on legacy R-22 plant.
Planned maintenance is predictable work. Where a service agreement covers legacy R-22 equipment, the top-ups land on a schedule, and the schedule is what a pack this size answers. Ten 30 lb cylinders is 300 lb of stock standing behind a route, drawn down against known leakers rather than chased one cylinder at a time between callouts. Buy it as an allocation against the maintenance list rather than a single callout's worth.
Chlorodifluoromethane — one HCFC compound, not a blend. It carried comfort cooling and commercial refrigeration for decades before HFCs took over, which is why so much of it is still in service rather than on a drawing board. US production and import of new R-22 ended under the HCFC phase-out. Equipment built for it gets maintained or replaced; nothing new is being designed around it.
Being a single compound, it has no glide and cannot fractionate, so a cylinder drawn down part-way stays the same material. Blends have to go in as liquid for that reason; this one does not. Charge by weight on a scale either way, and if liquid goes in, meter it into the liquid line — never into a running compressor's suction. Store upright in a locked, ventilated space away from heat and direct sun. Log what goes into which system; leak-rate records get read back to you.",in_stock,,,https://home24care.com/products/30lb-r22-r-22-refrigerant-gas-10-cylinders,,https://home24care.com/product-images/5a9a453f9a3fb1f8-feed.jpg?v=r2,1040.00 USD,,,,,10pcs R22,Home24Care,Ten 30 lb cylinders — 300 lb of R-22 total,Single-component HCFC — no glide and no fractionation,Vapour charging stays open where a blend would force liquid,Liquid only ever metered into the liquid line — never a running suction,,,,,,,,,new,no,,,,,,,,,,no,30 lb,,,,,,,,,"Hardware > Heating, Ventilation & Air Conditioning",Refrigerants & Gases > Bulk & Pallet Orders,US:::0.00 USD,,0,1,1,3
20pcs R22,30LB R22 (R-22) Refrigerant Gas | 20 Cylinders,"Twenty 30 lb cylinders of R-22: 600 lb of charge on the shelf for shops still servicing legacy equipment on a refrigerant no longer produced or imported in the US.
Twenty cylinders is a stocking decision, not a job purchase. Work out how it gets issued before it lands: cylinders signed out to named trucks, empties and recovery cylinders coming back the same trip. Log what leaves the shelf and which machine it went into. On a phased-out refrigerant that record is also your leak history, and it tells you which units are worth keeping on service and which ones need replacing.
R-22 is chlorodifluoromethane, a single HCFC compound rather than a blend. There is no glide and nothing to fractionate, so a cylinder can be charged as vapour or as liquid. That is useful, since the blends built to replace it have to come out as liquid. Pressure sits well above the R-12 it displaced and well below R-410A. Non-flammable and low in toxicity. Charge by weight on a scale. Recover it and never vent it.
For decades this was the default refrigerant in residential and light commercial cooling, which is why the service work has outlived the supply. US production and import have ended. What is still running draws on refrigerant already inside the country and on what technicians pull out of systems coming down. A stock of 600 lb is cover for a class of equipment you have agreed to keep going until the owner replaces it.",in_stock,,,https://home24care.com/products/30lb-r22-r-22-refrigerant-gas-20-cylinders,,https://home24care.com/product-images/74dd9476165323a9-feed.jpg?v=r2,2000.00 USD,,,,,20pcs R22,Home24Care,600 lb of R-22 held as 20 cylinders of 30 lb,Single-component HCFC so no glide and nothing to fractionate,Charges as vapour or as liquid unlike the blends built to replace it,Runs at considerably higher pressure than R-12 and lower than R-410A,,,,,,,,,new,no,,,,,,,,,,no,30 lb,,,,,,,,,"Hardware > Heating, Ventilation & Air Conditioning",Refrigerants & Gases > Bulk & Pallet Orders,US:::0.00 USD,,0,1,1,3
30pcs R22,30LB R22 (R-22) Refrigerant Gas | 30 Cylinders,"900 lb of R-22 across 30 cylinders — single-component HCFC to keep existing systems charged while you work through retrofit-or-replace decisions machine by machine.
Order this much and you are not topping up a van. 900 lb is changeover stock: it keeps the machines you still run charged while each one waits its turn in the capital plan. Decide retrofit or replace per unit before the gas goes in, because some compressors will accept a service blend and others are coming out whole. Spend the charge on the ones staying.
Storage matters at this weight. Give the cylinders a spot with racking or a floor rated for the load, upright, out of direct sun and clear of heat sources, and check what quantity your local fire code will accept in one room. Keep service stock separate from recovery cylinders so nobody grabs the wrong one. Rotate what you pull and log every charge against the system it went into.
Chlorodifluoromethane is a single compound. No glide, nothing to fractionate, so vapour charging stays on the table — the zeotropic blends sold as replacements have to be drawn off as liquid. Pressures run well above the R-12 this gas displaced and below R-410A. Non-flammable and low in toxicity, so the handling rules written for the mildly flammable replacements never come into it. Weigh every charge, mind mineral oil return on a retrofit, and recover rather than vent. R-22 production has ended in the United States, so every pound goes into equipment already in service.",in_stock,,,https://home24care.com/products/30lb-r22-r-22-refrigerant-gas-30-cylinders,,https://home24care.com/product-images/692f977f6e19d9cb-feed.jpg?v=r2,2760.00 USD,,,,,30pcs R22,Home24Care,Single-component HCFC — no glide and nothing to fractionate,Vapour or liquid charging both work — weigh every charge on a scale,Non-flammable and low in toxicity so mildly flammable handling rules do not apply,Runs well above the pressure of the R-12 it displaced and below R-410A,,,,,,,,,new,no,,,,,,,,,,no,30 lb,,,,,,,,,"Hardware > Heating, Ventilation & Air Conditioning",Refrigerants & Gases > Bulk & Pallet Orders,US:::0.00 USD,,0,1,1,3
40pcs R22,30LB R22 (R-22) Refrigerant Gas | 40 Cylinders,"Forty 30 lb cylinders — 1200 lb of R-22 held as service stock for equipment that still runs on HCFC long after US production ended.
Forty cylinders is a position, not a purchase. Nothing new is produced or imported in the US any more, so the whole service market runs on material already inside the country. Buy at this tier because the gas is available now and the systems that take it will still need charging after it gets harder to find. Know what it commits you to: warehouse space, a named person accountable for the store, cylinder tracking, and a plan for the charge you recover back out.
Chlorodifluoromethane — single component, no glide, nothing to fractionate — so vapour charging off the cylinder stays legitimate here, which is more than the blends that replaced it allow. Pressures sit above the R-12 it superseded and well below R-410A. Non-flammable, low in toxicity. Retrofit routes differ: R-407C will not return mineral oil, so the system needs POE, while R-422D was formulated to run on the oil already in the crankcase. Charge by weight.
Check how the freight is packed before the truck turns up, and put someone on site to count cylinders in against the paperwork. Store them upright, out of direct sun and clear of heat, with full and empty kept apart. Log what leaves the rack and which machine took it — that record is what tells you whether a system is leaking or simply undercharged. Venting is illegal. Recover into a dedicated and clearly marked cylinder.",in_stock,,,https://home24care.com/products/30lb-r22-r-22-refrigerant-gas-40-cylinders,,https://home24care.com/product-images/c9f51c333d1d1fb3-feed.jpg?v=r2,3520.00 USD,,,,,40pcs R22,Home24Care,Forty cylinders at 30 lb each — 1200 lb of R-22 total,Single-component HCFC with no glide — vapour or liquid charging both work,US production and import have ended — service stock only,Pressures above the R-12 it replaced and well under R-410A,,,,,,,,,new,no,,,,,,,,,,no,30 lb,,,,,,,,,"Hardware > Heating, Ventilation & Air Conditioning",Refrigerants & Gases > Bulk & Pallet Orders,US:::0.00 USD,,0,1,1,3
5pcs R22,30LB R22 (R-22) Refrigerant Gas | 5 Cylinders,"Five 30 lb cylinders of R-22, the single-compound HCFC that still keeps installed air conditioning and commercial refrigeration running.
Chlorodifluoromethane — one compound, not a blend. Nothing in it fractionates and there is no glide to work around, so it can be charged as vapor or as liquid. That is the one service advantage R-22 holds over the blends written to replace it. It runs at considerably higher pressure than the R-12 it displaced and well below R-410A. Charge by weight on a scale. Recover; never vent.
Plant built for R-22 was built around mineral oil, and that is what makes retrofit decisions awkward. Going to R-407C usually means draining the mineral oil and changing to POE so the oil returns to the compressor. R-438A was blended with hydrocarbon additives to solve that same return problem and is sold as a retrofit that keeps the existing mineral oil. Same gas leaving the cylinder either way; two quite different jobs.
For decades R-22 was the default in residential and light commercial air conditioning and across a lot of commercial refrigeration, which is why it still turns up on service calls. New US production has ended, so the remaining work is keeping installed equipment running rather than specifying the gas into anything new. Leak repair first and charge second — a system that loses it once will lose it again.",in_stock,,,https://home24care.com/products/30lb-r22-r-22-refrigerant-gas-5-cylinders,,https://home24care.com/product-images/c72f66e8a738f17f-feed.jpg?v=r2,540.00 USD,,,,,5pcs R22,Home24Care,5 cylinders at 30 lb each — 150 lb of R-22 in total,Single compound: no glide and no fractionation so vapor or liquid charging both work,Runs at considerably higher pressure than R-12 and well below R-410A,R-407C retrofits usually mean a change to POE; R-438A is formulated to return mineral oil,,,,,,,,,new,no,,,,,,,,,,no,30 lb,,,,,,,,,"Hardware > Heating, Ventilation & Air Conditioning",Refrigerants & Gases > Bulk & Pallet Orders,US:::0.00 USD,,0,1,1,3
r134a-automotive-refrigerant-10-x-30lb-cy-ed95a8a8,Bulk Pack – 10 × 30lb R-134a Automotive Refrigerant,"Ten 30 lb cylinders of R-134a automotive refrigerant in one bulk pack, for shops going through cylinders weekly.
Ten 30 lb cylinders of R-134a in a single bulk pack. This sits between a one-cylinder order and a full pallet: the right quantity for a busy automotive air-conditioning shop that gets through a cylinder most weeks and would rather not reorder constantly.
R-134a is a single-component HFC, so there is no blend composition to protect and no glide to work around — one of the reasons it stayed in service as long as it did. It remains the correct charge for a very large number of vehicles still on the road.",in_stock,,,https://home24care.com/products/bulk-pack-10-30lb-r-134a-automotive-refrigerant,,https://home24care.com/product-images/1fd22647eef7e5f6-feed.jpg?v=r2,1316.00 USD,,,,,r134a-automotive-refrigerant-10-x-30lb-cylinders-free-freight-47,Home24Care,Bulk pack — 10 cylinders,30 lb per cylinder,300 lb of refrigerant in total,Single-component HFC,,,,,,,,,new,no,,,,,,,,,10,no,30 lb,,,,,,,,,"Hardware > Heating, Ventilation & Air Conditioning",Refrigerants & Gases > Bulk & Pallet Orders,US:::0.00 USD,,0,1,1,3
r134a-refrigerant-30lb-11,Bulk Pack – 20 × 30lb R-134a Automotive Refrigerant,"Twenty 30 lb cylinders of R-134a automotive refrigerant in one bulk pack.
Twenty 30 lb cylinders of R-134a — 600 lb of refrigerant in a single bulk pack. Half-pallet quantity, for a shop or small distributor whose throughput has outgrown buying ten at a time.
R-134a is a single-component HFC with no blend composition to protect, which makes it straightforward to charge and straightforward to store. It is still the right gas for a very large installed base of vehicle air-conditioning systems.
Ships palletised as freight; expect a delivery appointment.",in_stock,,,https://home24care.com/products/bulk-pack-20-30lb-r-134a-automotive-refrigerant,,https://home24care.com/product-images/8e07cc83dfcdd1ca-feed.jpg?v=r2,2552.00 USD,,,,,r134a-refrigerant-30lb-11,Home24Care,Bulk pack — 20 cylinders,30 lb per cylinder,600 lb of refrigerant in total,Single-component HFC,,,,,,,,,new,no,,,,,,,,,20,no,30 lb,,,,,,,,,"Hardware > Heating, Ventilation & Air Conditioning",Refrigerants & Gases > Bulk & Pallet Orders,US:::0.00 USD,,0,1,1,3
40 R404,"Full Pallet – 40 × 24lb R-404A Refrigerant, Free Freight","A full pallet of R-404A: forty 24 lb cylinders, freight included, for contractors and distributors buying a season's stock at once.
Forty 24 lb cylinders of R-404A on one pallet. This is stock-up quantity — the kind of order a refrigeration contractor places before a summer, or a distributor places to hold inventory, rather than something bought for a single job.
The pallet ships as freight, which means a delivery appointment and somewhere to take a full pallet off the truck. Confirm you have a dock or a forklift before ordering; a pallet of cylinders is not a package that gets left by a door.
R-404A is a blend, so each cylinder is liquid-charged in service. Store the pallet out of direct sun and below the cylinders' rated temperature.",in_stock,,,https://home24care.com/products/full-pallet-40-24lb-r-404a-refrigerant-free-freight,,https://home24care.com/product-images/306525c015eaf3c2-feed.jpg?v=r2,4478.40 USD,,,,,40 R404,Home24Care,Full pallet — 40 cylinders,24 lb per cylinder,960 lb of refrigerant in total,Ships as palletised freight,,,,,,,,,new,no,,,,,,,,,40,no,24 lb,,,,,,,,,"Hardware > Heating, Ventilation & Air Conditioning",Refrigerants & Gases > Bulk & Pallet Orders,US:::0.00 USD,,0,1,1,3
pallet-of-r134a-automotive-refrigerant-40-66354e34,"Full Pallet – 40 × 30lb R-134a Automotive Refrigerant, Free Freight","A full pallet of R-134a automotive refrigerant: forty 30 lb cylinders, freight included.
Forty 30 lb cylinders of R-134a on one pallet — 1,200 lb of refrigerant. This is distributor and large-fleet quantity: the order for an operation servicing vehicle air conditioning at volume, where cylinders are consumed weekly rather than monthly.
R-134a remains the correct charge for an enormous number of vehicles built before the switch to HFO, and that fleet does not disappear quickly. Single-component, so no blend handling to think about.
Pallet freight, with a delivery appointment and unloading at your end.",in_stock,,,https://home24care.com/products/full-pallet-40-30lb-r-134a-automotive-refrigerant-free-freight,,https://home24care.com/product-images/3122c6101118e798-feed.jpg?v=r2,4960.00 USD,,,,,pallet-of-r134a-automotive-refrigerant-40-x-30lb-cylinders-free-freight-12,Home24Care,Full pallet — 40 cylinders,30 lb per cylinder,"1,200 lb of refrigerant in total",Single-component HFC,,,,,,,,,new,no,,,,,,,,,40,no,30 lb,,,,,,,,,"Hardware > Heating, Ventilation & Air Conditioning",Refrigerants & Gases > Bulk & Pallet Orders,US:::0.00 USD,,0,1,1,3
r22-full-pallet-40-cylinders-x-30lb-36,Full Pallet – 40 × 30lb R-22 Refrigerant,"A full pallet of R-22: forty 30 lb cylinders, for contractors holding service stock of a refrigerant no longer in production.
Forty 30 lb cylinders of R-22 on one pallet. Since US production ended under the phase-out, R-22 only exists as pre-ban and reclaimed stock, and buying at pallet quantity is how contractors with a large installed base of older equipment secure a supply instead of chasing cylinders as prices move.
This is a decision about the next few years, not the next few jobs. If the equipment you maintain is headed for replacement anyway, a retrofit blend may cost less over the same period — but for systems with real life left in them, holding stock is a defensible hedge.
Pallet freight: delivery appointment, and somewhere to take 1,200 lb of cylinders off a truck.",in_stock,,,https://home24care.com/products/full-pallet-40-30lb-r-22-refrigerant,,https://home24care.com/product-images/cb8e5e738cc06031-feed.jpg?v=r2,8960.00 USD,,,,,r22-full-pallet-40-cylinders-x-30lb-36,Home24Care,Full pallet — 40 cylinders,30 lb per cylinder,"1,200 lb of refrigerant in total",No longer produced in the US — service stock,,,,,,,,,new,no,,,,,,,,,40,no,30 lb,,,,,,,,,"Hardware > Heating, Ventilation & Air Conditioning",Refrigerants & Gases > Bulk & Pallet Orders,US:::0.00 USD,,0,1,1,3
20 Cyl 410,Half Pallet – 20 × 25lb R-410A Refrigerant,"A half pallet of R-410A: twenty 25 lb cylinders for HVAC contractors holding installation and service stock.
Twenty 25 lb cylinders of R-410A on a half pallet. R-410A is the charge in the overwhelming majority of residential and light commercial split systems installed over the past twenty years, so this is the quantity that covers an install crew through a busy stretch without tying up the cash a full pallet needs.
R-410A runs at substantially higher pressures than the R-22 equipment it replaced. Gauges, hoses and recovery cylinders all have to be rated for it, and the charge goes in as a liquid because it is a blend.
A half pallet still moves as freight and still needs an appointment and a way to unload it.",in_stock,,,https://home24care.com/products/half-pallet-20-25lb-r-410a-refrigerant,,https://home24care.com/product-images/6cc0cddccc7122cc-feed.jpg?v=r2,1672.00 USD,,,,,20 Cyl 410,Home24Care,Half pallet — 20 cylinders,25 lb per cylinder,500 lb of refrigerant in total,High-pressure blend — use equipment rated for R-410A,,,,,,,,,new,no,,,,,,,,,20,no,25 lb,,,,,,,,,"Hardware > Heating, Ventilation & Air Conditioning",Refrigerants & Gases > Bulk & Pallet Orders,US:::0.00 USD,,0,1,1,3
honey-well-r1234yf-refrigerant-4-cases-16-cans-29,"Honeywell R-1234yf Refrigerant – 16 Cans (8oz Each), Genuine – Made in USA","Sixteen 8 oz cans of genuine Honeywell R-1234yf — case quantity for shops working on HFO systems daily.
Sixteen 8 oz cans of genuine Honeywell R-1234yf, made in the USA. This is case quantity: the order for a shop where HFO recharges are routine and a four-pack lasts a fortnight.
All cans are self-sealing, so partial use is not wasted gas. If most of your work is full charges rather than top-ups, compare this against the cylinder listings — past a certain volume a cylinder is the cheaper and quicker route than taps and cans.",in_stock,,,https://home24care.com/products/honeywell-r-1234yf-refrigerant-16-cans-8oz-each-genuine-made-in-usa,,https://home24care.com/product-images/680ad14d84be2290-feed.jpg?v=r2,143.60 USD,,,,,honey-well-r1234yf-refrigerant-4-cases-16-cans-29,Honeywell,Sixteen 8 oz cans,Genuine Honeywell product,Self-sealing valves,Made in USA,,,,,,,,,new,no,,,,,,,,,16,no,,,,,,,,,,"Hardware > Heating, Ventilation & Air Conditioning",Refrigerants & Gases > Specialty Refrigerants,US:::0.00 USD,,0,1,1,3
3-1234yf with gauage,Honeywell R-1234yf Refrigerant – 3 Cans (8oz Each) with HD Brass Can Tap – Made in USA,"Three 8 oz cans of genuine Honeywell R-1234yf with a heavy-duty brass can tap included.
Three 8 oz self-sealing cans of Honeywell R-1234yf, packed with a heavy-duty brass can tap. The brass tap is the part worth paying for — it is the component that gets dropped, trodden on and left in a hot van, and the plastic ones do not survive that.
R-1234yf is what modern vehicle air conditioning is designed for. Its can fitting differs from R-134a's on purpose, so the tap in this pack is the one that belongs with these cans.",in_stock,,,https://home24care.com/products/honeywell-r-1234yf-refrigerant-3-cans-8oz-each-with-hd-brass-can-tap-made-in-usa,,https://home24care.com/product-images/9f6a65d5c27dbf31-feed.jpg?v=r2,35.20 USD,,,,,3-1234yf with gauage,Honeywell,Three 8 oz cans,Heavy-duty brass can tap included,Genuine Honeywell product,Self-sealing valves,,,,,,,,,new,no,,,,,,,,,,yes,,,,,,,,,,"Hardware > Heating, Ventilation & Air Conditioning",Refrigerants & Gases > Specialty Refrigerants,US:::0.00 USD,,0,1,1,3
1234yf 1 BOX,Honeywell R-1234yf Refrigerant – 4 Cans (8oz Each) with HD Brass Can Tap – Made in USA,"Four 8 oz cans of genuine Honeywell R-1234yf supplied with a heavy-duty brass can tap.
Four 8 oz self-sealing cans of Honeywell R-1234yf, packed with a heavy-duty brass can tap. Buying the tap with the gas is the sensible way to start on R-1234yf work, because the can fitting is not the R-134a one and a plastic tap does not last a season in a working van.
R-1234yf is the HFO that new vehicle air conditioning is designed around. The self-sealing cans mean you can take what a system needs and keep the remainder rather than venting it.",in_stock,,,https://home24care.com/products/honeywell-r-1234yf-refrigerant-4-cans-8oz-each-with-hd-brass-can-tap-made-in-usa,,https://home24care.com/product-images/77e90394c574dd5c-feed.jpg?v=r2,34.80 USD,,,,,1234yf 1 BOX,Honeywell,Four 8 oz cans,Heavy-duty brass can tap included,Genuine Honeywell product,Self-sealing valves,,,,,,,,,new,no,,,,,,,,,,yes,,,,,,,,,,"Hardware > Heating, Ventilation & Air Conditioning",Refrigerants & Gases > Specialty Refrigerants,US:::0.00 USD,,0,1,1,3
4 yf w/ gauge,Honeywell R-1234yf Refrigerant – 4-Pack (8oz Cans) with HD Brass Can Tap – Made in USA,"A four-pack of 8 oz Honeywell R-1234yf cans with a heavy-duty brass can tap.
Four 8 oz cans of Honeywell R-1234yf with a heavy-duty brass can tap in the pack. A sensible first purchase for a shop adding HFO work, since the tap is specific to this refrigerant and the brass one outlasts the alternatives.
The cans are self-sealing: take what the system needs and the rest keeps until the next job rather than being vented.",in_stock,,,https://home24care.com/products/honeywell-r-1234yf-refrigerant-4-pack-8oz-cans-with-hd-brass-can-tap-made-in-usa,,https://home24care.com/product-images/46ea468bed1d676f-feed.jpg?v=r2,46.00 USD,,,,,4 yf w/ gauge,Honeywell,Four 8 oz cans,Heavy-duty brass can tap included,Genuine Honeywell product,Self-sealing valves,,,,,,,,,new,no,,,,,,,,,,yes,,,,,,,,,,"Hardware > Heating, Ventilation & Air Conditioning",Refrigerants & Gases > Specialty Refrigerants,US:::0.00 USD,,0,1,1,3
yf 8 cans,"Honeywell R-1234yf Refrigerant – 8 Cans (8oz Each), Genuine – Made in USA","Eight 8 oz cans of genuine Honeywell R-1234yf, made in the USA.
Eight 8 oz self-sealing cans of genuine Honeywell R-1234yf. Can quantity for a shop that tops up HFO systems often enough to keep a box on the shelf but not often enough to justify a cylinder.
No tap is included in this pack, so bring your own R-1234yf-rated one — the fitting differs from R-134a by design, which is the safeguard that stops the two gases being mixed in a system.",in_stock,,,https://home24care.com/products/honeywell-r-1234yf-refrigerant-8-cans-8oz-each-genuine-made-in-usa,,https://home24care.com/product-images/8708d1b18ef4ad5e-feed.jpg?v=r2,71.60 USD,,,,,yf 8 cans,Honeywell,Eight 8 oz cans,Genuine Honeywell product,Self-sealing valves,Made in USA,,,,,,,,,new,no,,,,,,,,,8,no,,,,,,,,,,"Hardware > Heating, Ventilation & Air Conditioning",Refrigerants & Gases > Specialty Refrigerants,US:::0.00 USD,,0,1,1,3
1234yf-8oz-can-49,"Honeywell R-1234yf Refrigerant – 8oz Self-Sealing Can, MVAC Use – Made in USA","A single 8 oz self-sealing can of genuine Honeywell R-1234yf for motor-vehicle air-conditioning top-ups.
R-1234yf is the HFO refrigerant that replaced R-134a in new vehicle air conditioning, and it is what nearly every car built in the last decade expects to see. This is one 8 oz self-sealing can of Honeywell product, made in the USA — the size you reach for when a system needs topping up rather than filling.
The self-sealing valve closes when the tap comes off, so a partly used can keeps. You will need a can tap rated for R-1234yf; the fitting is deliberately different from the R-134a one so the two gases cannot be cross-charged by accident.",in_stock,,,https://home24care.com/products/honeywell-r-1234yf-refrigerant-8oz-self-sealing-can-mvac-use-made-in-usa,,https://home24care.com/product-images/e181f867f4e80b05-feed.jpg?v=r2,18.80 USD,,,,,1234yf-8oz-can-49,Honeywell,One 8 oz can,Genuine Honeywell product,Self-sealing valve — part cans keep,HFO refrigerant for motor-vehicle air conditioning,,,,,,,,,new,no,,,,,,,,,,no,8 oz,,,,,,,,,"Hardware > Heating, Ventilation & Air Conditioning",Refrigerants & Gases > Specialty Refrigerants,US:::0.00 USD,,0,1,1,3
r-22-30-lbs-refrigerant-quarter-pallet-10-a2d03463,Quarter Pallet – 10 × 30lb R-22 Refrigerant,"A quarter pallet of R-22: ten 30 lb cylinders, for shops that want stock without committing to a full pallet.
Ten 30 lb cylinders of R-22 — the quantity for a contractor who still services R-22 equipment regularly but does not want a full pallet's worth of capital sitting in a store room.
R-22 has not been produced in the United States since the phase-out completed, so what is on the market is pre-ban or reclaimed. Anyone maintaining older split systems and packaged units is working against a supply that only tightens, which is the argument for buying ten at a time rather than one.
Ships as freight on a pallet, with a delivery appointment.",in_stock,,,https://home24care.com/products/quarter-pallet-10-30lb-r-22-refrigerant,,https://home24care.com/product-images/55bad0b57f338ef2-feed.jpg?v=r2,2316.00 USD,,,,,r-22-30-lbs-refrigerant-quarter-pallet-10-cylinders-35,Home24Care,Quarter pallet — 10 cylinders,30 lb per cylinder,300 lb of refrigerant in total,No longer produced in the US — service stock,,,,,,,,,new,no,,,,,,,,,10,no,30 lb,,,,,,,,,"Hardware > Heating, Ventilation & Air Conditioning",Refrigerants & Gases > Bulk & Pallet Orders,US:::0.00 USD,,0,1,1,3
3 cans 134a,"R-134a Refrigerant – 3-Pack (12oz Self-Sealing Cans) with Gauge, MVAC Use","Three 12 oz self-sealing cans of R-134a supplied with a gauge, for motor-vehicle air-conditioning top-ups.
Three 12 oz self-sealing cans of R-134a with a gauge included — a kit for topping up vehicle air conditioning rather than charging a system from empty. The gauge is what keeps a top-up honest: R-134a systems are unforgiving about overcharge, and a few ounces too many will cost you cooling rather than add it.
The cans are self-sealing, so a part-used one closes when you take the tap off instead of venting what is left. R-134a is a single compound, so there is no blend to fractionate however you charge it.",in_stock,,,https://home24care.com/products/r-134a-refrigerant-3-pack-12oz-self-sealing-cans-with-gauge-mvac-use,,https://home24care.com/product-images/bdac31a76c31febe-feed.jpg?v=r2,14.00 USD,,,,,3 cans 134a,Home24Care,Three 12 oz cans,Gauge included,Self-sealing valves — part cans keep,Single-component HFC,,,,,,,,,new,no,,,,,,,,,,yes,,,,,,,,,,"Hardware > Heating, Ventilation & Air Conditioning",Refrigerants & Gases > Legacy Refrigerants,US:::0.00 USD,,0,1,1,3
134-3 cans &#038; gauage,"R-134a Refrigerant – 3-Pack (12oz Self-Sealing Cans), MVAC Use","Three 12 oz self-sealing cans of R-134a for motor-vehicle air-conditioning service.
Three 12 oz self-sealing cans of R-134a, sized for vehicle air-conditioning work where a system needs a top-up rather than a full charge. If you already own a tap and a gauge set, this is the refrigerant on its own.
Self-sealing valves mean a part-used can closes rather than vents when the tap comes off. R-134a is a single-component HFC, which is part of why it stayed the automotive standard for so long — nothing about how you charge it changes what it is.",in_stock,,,https://home24care.com/products/r-134a-refrigerant-3-pack-12oz-self-sealing-cans-mvac-use,,https://home24care.com/product-images/98bcc62a979fec11-feed.jpg?v=r2,19.60 USD,,,,,134-3 cans &#038; gauage,Home24Care,Three 12 oz cans,Self-sealing valves,Single-component HFC,For motor-vehicle air-conditioning service,,,,,,,,,new,no,,,,,,,,,3,no,,,,,,,,,,"Hardware > Heating, Ventilation & Air Conditioning",Refrigerants & Gases > Legacy Refrigerants,US:::0.00 USD,,0,1,1,3
r32 22oz,R-32 Refrigerant Can – 22oz (1.4lb),"A 22 oz can of R-32, the single-component refrigerant used in newer air-conditioning equipment.
R-32 is a single-component refrigerant used in newer air-conditioning systems, adopted for a substantially lower global warming potential than the R-410A it succeeds in many product lines. Because it is one compound rather than a blend, there is no composition to fractionate and no glide to design around.
It carries an A2L classification — mildly flammable — and that changes the work rather than ruling it out. A2L service calls for the right handling practice, leak detection and ventilation, and equipment rated for it. A 22 oz can suits top-ups and small-charge work on systems already running R-32.",in_stock,,,https://home24care.com/products/r-32-refrigerant-can-22oz-1-4lb,,https://home24care.com/product-images/16e79d78e2576313-feed.jpg?v=r2,18.00 USD,,,,,r32 22oz,Home24Care,22 oz can (1.4 lb),Single-component refrigerant — no glide,A2L classification — mildly flammable,Lower GWP than R-410A,,,,,,,,,new,no,,,,,,,,,,no,22 oz,,,,,,,,,"Hardware > Heating, Ventilation & Air Conditioning",Refrigerants & Gases > Specialty Refrigerants,US:::0.00 USD,,0,1,1,3
449A-PALLET-40,"R-449A Refrigerant – Full Pallet (40 × 25 lb) – Genuine Honeywell Solstice®, Made in USA","Forty cylinders at 25 pounds each, which puts 1,000 pounds of R-449A on a single pallet. The refrigerant is genuine Honeywell Solstice, made in the USA, and every cylinder is factory sealed with virgin refrigerant.
Home24Care lists the same grade as a half pallet of twenty cylinders and as a single 25-pound jug, so this quantity is for a shop working through R-449A steadily rather than job by job. It sits in the bulk pallets range and is described as compliant with EPA regulations, sold for professional and commercial use.",in_stock,,,https://home24care.com/products/r-449a-refrigerant-full-pallet-40-x-25-lb-genuine-honeywell-solstice-made-in-usa,,https://home24care.com/product-images/7adb314b0231b318-feed.jpg?v=r2,14500.00 USD,,,,,449A-PALLET-40,Honeywell,"At igvagas, we provide premium Premium Refrigerant solutions for HVAC, automotive, and commercial refrigeration systems. Our products are:",✓ Factory sealed and virgin,✓ Made in USA – Highest quality standards,✓ Certified and compliant with EPA regulations,,,,,,,,,new,no,,,,,,,,,40,no,25 lb,,,,,,,,,"Hardware > Heating, Ventilation & Air Conditioning",Refrigerants & Gases > Bulk & Pallet Orders,US:::0.00 USD,,0,1,1,3
449A-PALLET-20,"R-449A Refrigerant – Half Pallet (20 × 25 lb) – Genuine Honeywell Solstice®, Made in USA","Twenty 25-pound cylinders of genuine Honeywell Solstice R-449A, or 500 pounds of refrigerant on a half pallet. Same cylinder size as the full pallet at half the count, which is the order to place when the grade moves but not fast enough to park forty jugs in the shop.
Every cylinder is made in the USA, factory sealed, and filled with virgin refrigerant. Home24Care groups it with the bulk pallets and lists it as compliant with EPA regulations for professional and commercial use. A single 25-pound cylinder is also listed for jobs that only need one.",in_stock,,,https://home24care.com/products/r-449a-refrigerant-half-pallet-20-x-25-lb-genuine-honeywell-solstice-made-in-usa,,https://home24care.com/product-images/e989cedb347e2317-feed.jpg?v=r2,7250.00 USD,,,,,449A-PALLET-20,Honeywell,"At igvagas, we provide premium Premium Refrigerant solutions for HVAC, automotive, and commercial refrigeration systems. Our products are:",✓ Factory sealed and virgin,✓ Made in USA – Highest quality standards,✓ Certified and compliant with EPA regulations,,,,,,,,,new,no,,,,,,,,,20,no,25 lb,,,,,,,,,"Hardware > Heating, Ventilation & Air Conditioning",Refrigerants & Gases > Bulk & Pallet Orders,US:::0.00 USD,780 lb,0,1,1,3
454B-PALLET-40,"R-454B Refrigerant – Full Pallet (40 × 20 lb) – Genuine Honeywell Solstice®, Made in USA","R-454B comes in 20-pound cylinders here, and a full pallet holds forty of them, 800 pounds of refrigerant in one delivery. All of it is genuine Honeywell Solstice, made in the USA, with each cylinder factory sealed and filled with virgin refrigerant.
Cylinder size is worth checking when you compare pallets. The R-449A pallets in the same range are filled to 25 pounds, so a pallet count on its own does not tell you the weight. Home24Care carries this one under bulk pallets and describes it as compliant with EPA regulations, for professional and commercial use.",in_stock,,,https://home24care.com/products/r-454b-refrigerant-full-pallet-40-x-20-lb-genuine-honeywell-solstice-made-in-usa,,https://home24care.com/product-images/df434d11095120a5-feed.jpg?v=r2,16200.00 USD,,,,,454B-PALLET-40,Honeywell,"At igvagas, we provide premium Premium Refrigerant solutions for HVAC, automotive, and commercial refrigeration systems. Our products are:",✓ Factory sealed and virgin,✓ Made in USA – Highest quality standards,✓ Certified and compliant with EPA regulations,,,,,,,,,new,no,,,,,,,,,40,no,20 lb,,,,,,,,,"Hardware > Heating, Ventilation & Air Conditioning",Refrigerants & Gases > Bulk & Pallet Orders,US:::0.00 USD,,0,1,1,3
454B-PALLET-20,"R-454B Refrigerant – Half Pallet (20 × 20 lb) – Genuine Honeywell Solstice®, Made in USA","The smaller of the two R-454B pallet quantities Home24Care lists: twenty cylinders at 20 pounds each, or 400 pounds of refrigerant. Everything about the cylinders matches the full pallet apart from the count, so the decision is only about how much you want sitting on hand.
The refrigerant is genuine Honeywell Solstice, made in the USA, factory sealed and virgin. It is filed under bulk pallets and listed as compliant with EPA regulations, sold for professional and commercial use rather than casual purchase.",in_stock,,,https://home24care.com/products/r-454b-refrigerant-half-pallet-20-x-20-lb-genuine-honeywell-solstice-made-in-usa,,https://home24care.com/product-images/e6a9403503d83612-feed.jpg?v=r2,8100.00 USD,,,,,454B-PALLET-20,Honeywell,"At igvagas, we provide premium Premium Refrigerant solutions for HVAC, automotive, and commercial refrigeration systems. Our products are:",✓ Factory sealed and virgin,✓ Made in USA – Highest quality standards,✓ Certified and compliant with EPA regulations,,,,,,,,,new,no,,,,,,,,,20,no,20 lb,,,,,,,,,"Hardware > Heating, Ventilation & Air Conditioning",Refrigerants & Gases > Bulk & Pallet Orders,US:::0.00 USD,,0,1,1,3
