id,title,description,availability,availability_date,expiration_date,link,mobile_link,image_link,price,sale_price,sale_price_effective_date,identifier_exists,gtin,mpn,brand,product_highlight,product_highlight,product_highlight,product_highlight,product_detail,additional_image_link,additional_image_link,additional_image_link,additional_image_link,additional_image_link,additional_image_link,additional_image_link,condition,adult,color,size,size_type,size_system,gender,material,pattern,age_group,multipack,is bundle,unit_pricing_measure,unit_pricing_base_measure,energy_efficiency_class,min_energy_efficiency_class,max_energy_efficiency,item_group_id,video_link,virtual_model_link,cost_of_goods_sold,google_product_category,product_type,shipping,shipping_weight,min_handling_time,max_handling_time,min_transit_time,max_transit_time
410 1.5LB,"1.5lb R-410A Refrigerant, Virgin","A 1.5-pound cylinder of R-410A, filled with virgin refrigerant and sealed at the factory. The small format suits service work that does not warrant opening a 25-pound jug, and the seal stays intact until a technician breaks it on site.
Home24Care carries it in the HVAC refrigerant range for professional and commercial use, and it is listed as compliant with EPA regulations. Charging and recovery should be left to a technician qualified to handle refrigerant.",in_stock,,,https://home24care.com/products/1-5lb-r-410a-refrigerant-virgin,,https://home24care.com/product-images/be864d65a254b8a0-feed.jpg,99.00 USD,,,,,410 1.5LB,Home24Care,"At igvagas, we provide premium R-410A HVAC Refrigerant solutions for HVAC, automotive, and commercial refrigeration systems. Our products are:",✓ Factory sealed and virgin,✓ Made in USA – Highest quality standards,✓ Certified and compliant with EPA regulations,,,,,,,,,new,no,,,,,,,,,,no,1.5 lb,,,,,,,,,"Hardware > Heating, Ventilation & Air Conditioning",Refrigerants & Gases > HVAC Refrigerants,US:::0.00 USD,4 lb,0,1,1,3
yf10,10lb Honeywell R-1234yf Refrigerant – Made in USA,"Honeywell R-1234yf, supplied in a 10-pound cylinder and made in the USA. The refrigerant is virgin grade and the cylinder is factory sealed, so nothing has been decanted or topped up between the fill line and the job.
Ten pounds sits well above the 8-ounce Honeywell cans that Home24Care also lists for this refrigerant, which makes it the size to reach for when the work is steady rather than occasional. It is grouped with the specialty refrigerants and listed as compliant with EPA regulations.",in_stock,,,https://home24care.com/products/10lb-honeywell-r-1234yf-refrigerant-made-in-usa,,https://home24care.com/product-images/075a8d089f5f4aee-feed.jpg,120.00 USD,,,,,yf10,Honeywell,"At igvagas, we provide premium R-1234YF Eco-Friendly Refrigerant solutions for HVAC, automotive, and commercial refrigeration systems. Our products ar",✓ Factory sealed and virgin,✓ Made in USA – Highest quality standards,✓ Certified and compliant with EPA regulations,,,,,,,,,new,no,,,,,,,,,,no,10 lb,,,,,,,,,"Hardware > Heating, Ventilation & Air Conditioning",Refrigerants & Gases > Specialty Refrigerants,US:::0.00 USD,15 lb,0,1,1,3
2304109Dcom,11x7 Bellerose Greenhouse,"Glazing is what separates greenhouses at this size, and the Bellerose uses 10mm 4-wall polycarbonate rated at R-2.1, retaining 30% more heat than the standard 6mm twin-wall panels. It diffuses the light coming through, so plants get coverage without scorching.
The frame is FSC-certified kiln-dried cedar, which naturally resists rot, decay and insects. Inside there are 83 square feet of floor and 40 linear feet of staging shelves, some fixed and some foldable, and the entry door is sized wide enough for a wheelbarrow. A water spigot is fitted inside for watering without dragging a hose in.
Airflow is handled two ways, by one thermostat-activated exhaust fan and two casement windows. An integrated pergola with a trellis roof defines the entrance for climbing vines and hanging plants. Pro-Tect tested to 5,700 pounds of snow load and 100 mph winds, with a 5-year warranty backed by U.S.-based support.",in_stock,,,https://home24care.com/products/bellerose-greenhouse,,https://home24care.com/product-images/5bb1806f8d6fbe4f-feed.jpg,1399.60 USD,1199.60 USD,,,752113394100,2304109Dcom,Backyard Discovery,10mm 4-wall polycarbonate with R-2.1 insulation retains 30% more heat than standard 6mm twin-wall,1 thermostat-activated exhaust fan plus 2 casement windows for active and passive airflow,83 sq ft interior with 40 linear feet of fixed and foldable staging shelves,Interior water spigot included for watering inside the greenhouse,,https://home24care.com/product-images/01160b31b384b0c5-feed.jpg,https://home24care.com/product-images/241459d75fc2eddd-feed.jpg,https://home24care.com/product-images/6c70bc56a7269287-feed.jpg,https://home24care.com/product-images/ee088bb24abad332-feed.jpg,https://home24care.com/product-images/b16efe74b7b29bbd-feed.jpg,https://home24care.com/product-images/d7c96bac5548b03f-feed.jpg,https://home24care.com/product-images/4292ff939c0e9eda-feed.jpg,new,no,,11x7,,,,,,,,no,,,,,,bellerose-greenhouses,,,,Home & Garden > Lawn & Garden > Gardening > Greenhouses,Outdoor Living > Greenhouses,US:::0.00 USD,1076 lb,0,1,1,3
2404106com,11x7 Poppy Greenhouse,"The Poppy's trellis roof extends over three sides of the greenhouse, so hanging baskets and climbing vines get growing space outside the glazing as well as in. Inside, 78 square feet of floor carries 45 linear feet of upper and lower staging, including a freestanding four-tier rack for trays and supplies.
Panels are 10mm 4-wall polycarbonate rated R-2.1, holding 30% more heat than standard 6mm twin-wall and turning direct sun into diffused light. The cedar frame is FSC-certified and kiln-dried, and cedar resists rot, decay and insects without treatment, which matters in a structure that runs humid.
Ventilation comes from one thermostat-activated exhaust fan and two casement windows. A spigot inside comes with a collapsible hose. Backyard Discovery rates the Poppy Pro-Tect tested to 4,200 pounds of snow load and 100 mph winds, under a 5-year warranty.",in_stock,,,https://home24care.com/products/11x7-poppy-greenhouse,,https://home24care.com/product-images/0f41d4eada3b2fcb-feed.jpg,1399.60 USD,1199.60 USD,,,752113494107,2404106com,Backyard Discovery,10mm 4-wall polycarbonate with R-2.1 insulation retains 30% more heat than standard 6mm twin-wall,1 thermostat-activated exhaust fan plus 2 casement windows for active and passive airflow,78 sq ft interior with 45 linear feet of upper and lower staging shelves including a 4-tier rack,Interior water spigot with collapsible hose included for watering inside the greenhouse,,https://home24care.com/product-images/d7e6b33c7433044c-feed.jpg,https://home24care.com/product-images/43968d2c99ec33e3-feed.jpg,https://home24care.com/product-images/830bbe0a733c2753-feed.jpg,https://home24care.com/product-images/11e0f3ff31ddece7-feed.jpg,https://home24care.com/product-images/6531f0d8b1104f69-feed.jpg,https://home24care.com/product-images/ddf5b4b1210deaf2-feed.jpg,https://home24care.com/product-images/62b8e798228b716f-feed.jpg,new,no,,11x7,,,,,,,,no,,,,,,poppy-greenhouses,,,,Home & Garden > Lawn & Garden > Gardening > Greenhouses,Outdoor Living > Greenhouses,US:::0.00 USD,1032 lb,0,1,1,3
1234yf-gauge-20,1234yf Refrigerant Gauge,"A gauge for R-1234yf work, sold on its own. No refrigerant comes with it and it is not part of a charging kit, so treat it as a replacement or a spare rather than a complete setup.
Home24Care files it with the specialty refrigerant products because it is matched to 1234yf systems rather than to the older grades, and it sits in the catalog next to the 1234yf refrigerant itself. The listing does not state a connection size, so check the fitting on your own equipment before ordering.",in_stock,,,https://home24care.com/products/1234yf-refrigerant-gauge,,https://home24care.com/product-images/148a009554ab5fbf-feed.jpg,19.00 USD,,,,,1234yf-gauge-20,Home24Care,"At igvagas, we provide premium R-1234YF Eco-Friendly Refrigerant solutions for HVAC, automotive, and commercial refrigeration systems. Our products ar",✓ Factory sealed and virgin,✓ Made in USA – Highest quality standards,✓ Certified and compliant with EPA regulations,,,,,,,,,new,no,,,,,,,,,,no,,,,,,,,,,"Hardware > Heating, Ventilation & Air Conditioning",Refrigerants & Gases > Specialty Refrigerants,US:::0.00 USD,1 lb,0,1,1,3
2304123Bcom,12x7 Zalie Greenhouse,"At 12x7, the Zalie holds 86 square feet of growing space under a sloped roof with clean architectural lines. Roof and window panels are 10mm 4-wall polycarbonate rated R-2.1, which retains 30% more heat than the standard 6mm twin-wall most greenhouses use. The frame is FSC-certified, kiln-dried cedar that resists rot, decay, and insects through humidity and seasonal swings.
Airflow comes from one thermostat-activated exhaust fan plus two drop-down windows, so the house vents actively and passively as it warms. Twenty-three linear feet of staging shelves line the interior: the fixed shelves hold plants and supplies, while the foldable ones tuck down when a taller plant or a bigger project needs the floor. An interior water spigot is included. Pro-Tect™ tested to 4,400 lbs of snow load and 100 mph winds, with a 5-year warranty.",in_stock,,,https://home24care.com/products/zalie-greenhouse,,https://home24care.com/product-images/36ffc05bfc01a20e-feed.jpg,1199.60 USD,999.60 USD,,,752113394124,2304123Bcom,Backyard Discovery,10mm 4-wall polycarbonate with R-2.1 insulation retains 30% more heat than standard 6mm twin-wall,1 thermostat-activated exhaust fan plus 2 drop-down windows for active and passive airflow,86 sq ft interior with 23 linear feet of fixed and foldable staging shelves,Interior water spigot included for watering inside the greenhouse,,https://home24care.com/product-images/1beead5f090c5227-feed.jpg,https://home24care.com/product-images/616b1119fbf54b73-feed.jpg,https://home24care.com/product-images/fafd387ea9dcee9b-feed.jpg,https://home24care.com/product-images/a43dd46c26a7de05-feed.jpg,https://home24care.com/product-images/36d5143a79609d7f-feed.jpg,https://home24care.com/product-images/333662aaa74bf4f4-feed.jpg,https://home24care.com/product-images/a6b1c4f2cd7f6e54-feed.jpg,new,no,,12x7,,,,,,,,no,,,,,,,,,,Home & Garden > Lawn & Garden > Gardening > Greenhouses,Outdoor Living > Greenhouses,US:::0.00 USD,954 lb,0,1,1,3
2404113com,13x11 Bellerose XL Greenhouse,"A pergola with a trellis roof frames the entrance of the Bellerose XL, giving climbing vines and hanging plants somewhere to go before you step inside. The 13x11 greenhouse holds 143 square feet with 48 linear feet of upper and lower staging shelves, and the entry door is wide enough to push a wheelbarrow through, so raised planters and full-size plants are both workable.
Panels are 10mm 4-wall polycarbonate rated R-2.1, retaining 30% more heat than the standard 6mm twin-wall and diffusing light so plants get coverage without scorching. The FSC-certified, kiln-dried cedar frame resists rot, decay, and insects across years of seasonal exposure. One thermostat-activated exhaust fan and four casement windows handle ventilation, and an interior water spigot with collapsible hose is included. Pro-Tect™ tested to 9,200 lbs of snow load and 100 mph winds, with a 5-year warranty.",in_stock,,,https://home24care.com/products/bellerose-xl-greenhouse,,https://home24care.com/product-images/2650bb3a9781d458-feed.jpg,2319.60 USD,1999.60 USD,,,752113494114,2404113com,Backyard Discovery,10mm 4-wall polycarbonate with R-2.1 insulation retains 30% more heat than standard 6mm twin-wall,1 thermostat-activated exhaust fan plus 4 casement windows for active and passive airflow,143 sq ft interior with 48 linear feet of upper and lower staging shelves,Interior water spigot with collapsible hose included for watering inside the greenhouse,,https://home24care.com/product-images/6f213ec11a59a680-feed.jpg,https://home24care.com/product-images/9bf208a37f606870-feed.jpg,https://home24care.com/product-images/44f0ffaf7f1e7d83-feed.jpg,https://home24care.com/product-images/4e2a2a33f47e392a-feed.jpg,https://home24care.com/product-images/b9ef61682b65afaa-feed.jpg,https://home24care.com/product-images/0b218f6c23be6140-feed.jpg,https://home24care.com/product-images/b314bdfd5a4e0e92-feed.jpg,new,no,,13x11,,,,,,,,no,,,,,,bellerose-greenhouses,,,,Home & Garden > Lawn & Garden > Gardening > Greenhouses,Outdoor Living > Greenhouses,US:::0.00 USD,1515 lb,0,1,1,3
2404229com,14.5x12 Savannah Greenhouse,"A steep gabled roofline and exposed framing give the Savannah a chalet-like silhouette. Inside, 161 square feet and 55 linear feet of upper and lower staging shelves leave room for raised planters and tall crops, and the entry door is wide enough for a wheelbarrow.
A built-in stainless steel sink with water connections handles rinsing produce or tools without a trip back to the house, and an interior water spigot with collapsible hose covers watering. Glazing is 10mm 4-wall polycarbonate rated R-2.1, holding 30% more heat than standard 6mm twin-wall while scattering light evenly across the shelves. The FSC-certified, kiln-dried cedar frame resists rot, decay, and insects and takes seasonal change without warping. Two thermostat-activated exhaust fans and four casement windows manage airflow. Pro-Tect™ tested to 9,950 lbs of snow load and 100 mph winds, backed by a 5-year warranty.",in_stock,,,https://home24care.com/products/savannah-greenhouse,,https://home24care.com/product-images/0c9df7f83dc3aa79-feed.jpg,2399.60 USD,2159.60 USD,,,752113494220,2404229com,Backyard Discovery,10mm 4-wall polycarbonate with R-2.1 insulation retains 30% more heat than standard 6mm twin-wall,2 thermostat-activated exhaust fans plus 4 casement windows for active and passive airflow,161 sq ft interior with 55 linear feet of upper and lower staging shelves,Built-in stainless steel sink with water connections included,,https://home24care.com/product-images/a9f473fb68577fb9-feed.jpg,https://home24care.com/product-images/ff77f1d9f165ce02-feed.jpg,https://home24care.com/product-images/cf6da87703a1d204-feed.jpg,https://home24care.com/product-images/e1e31387a54fa45c-feed.jpg,https://home24care.com/product-images/01258ce5b0e39770-feed.jpg,https://home24care.com/product-images/fb1de598e9736177-feed.jpg,https://home24care.com/product-images/8ef2ef2328a80511-feed.jpg,new,no,,14.5x12,,,,,,,,no,,,,,,,,,,Home & Garden > Lawn & Garden > Gardening > Greenhouses,Outdoor Living > Greenhouses,US:::0.00 USD,1964.8 lb,0,1,1,3
2404212com,14x12 Larkspur Metal Greenhouse,"Floor area inside the Larkspur runs to 163 square feet, framed in black galvanized steel and aluminum on oversized 4.7-inch corner posts, with wood-tone composite paneling that needs no painting, sealing or staining. The glazing is 10mm four-wall polycarbonate rated R-2.1, which holds about 30 percent more heat than the 6mm twin-wall panels most greenhouses use and diffuses direct sun into softer light so plants are less likely to scorch in midsummer.
Ventilation works two ways, through two thermostat-activated exhaust fans and four windows with removable magnetic screens. Inside are 44 linear feet of upper and lower staging shelves built to hold up to 500 pounds each, an interior water spigot fed from an exterior inlet, and a collapsible hose. Residential-grade aluminum gutters carry roof runoff away from the foundation. Pro-Tect engineering rates the structure to 10,600 pounds of snow load and 100 mph winds, and a 5-year warranty covers every component.",in_stock,,,https://home24care.com/products/14x12-larkspur-metal-greenhouse,,https://home24care.com/product-images/be103fc894240dd0-feed.jpg,3999.60 USD,,,,752113494213,2404212com,Backyard Discovery,10mm 4-wall polycarbonate with R-2.1 insulation retains 30% more heat than standard 6mm twin-wall,2 thermostat-activated exhaust fans plus 4 windows with removable magnetic screens for active and passive airflow,"163 sq ft interior with 44 linear feet of upper and lower staging shelves, built to hold up to 500 lbs per shelf",Interior water spigot and exterior inlet with collapsible hose included for watering inside the greenhouse,,https://home24care.com/product-images/d922d9a017c9cfba-feed.jpg,https://home24care.com/product-images/150146ea337a86de-feed.jpg,https://home24care.com/product-images/a22be322b6dc9ef9-feed.jpg,https://home24care.com/product-images/c8226449dc810a46-feed.jpg,https://home24care.com/product-images/8571eb2ce275c499-feed.jpg,https://home24care.com/product-images/f8e81cb8ef20ff32-feed.jpg,https://home24care.com/product-images/2210d79317d05181-feed.jpg,new,no,,14x12,,,,,,,,no,,,,,,,,,,Home & Garden > Lawn & Garden > Gardening > Greenhouses,Outdoor Living > Greenhouses,US:::0.00 USD,2608 lb,0,1,1,3
22 2.2lb,2.2lb R-22 Refrigerant,"R-22 in a 2.2-pound cylinder, a quantity meant for equipment that still runs on the older refrigerant and needs a small amount rather than a full jug. The refrigerant is virgin and the cylinder is factory sealed.
The other R-22 listings here jump straight to 30-pound cylinders and pallets, so this is the one to order when the job is a top-up. Home24Care files it with the legacy refrigerants and lists it as compliant with EPA regulations. Work on R-22 equipment is trade work, and the cylinder is sold on that footing.",in_stock,,,https://home24care.com/products/2-2lb-r-22-refrigerant,,https://home24care.com/product-images/4c75e30fc185e010-feed.jpg,350.00 USD,,,,,22 2.2lb,Home24Care,"At igvagas, we provide premium R-22 Legacy Refrigerant solutions for HVAC, automotive, and commercial refrigeration systems. Our products are:",✓ Factory sealed and virgin,✓ Made in USA – Highest quality standards,✓ Certified and compliant with EPA regulations,,,,,,,,,new,no,,,,,,,,,,no,2.2 lb,,,,,,,,,"Hardware > Heating, Ventilation & Air Conditioning",Refrigerants & Gases > Legacy Refrigerants,US:::0.00 USD,3 lb,0,1,1,3
686114002029,22lb Solstice EZ-Flush HVAC System Cleaner,"Solstice EZ-Flush is Honeywell's HVAC system cleaner, sold here in a 22-pound container. It is a cleaning product, not a refrigerant charge, so it belongs in the flushing step of a service job and never goes into a system as a fill.
Solstice is Honeywell's own line name, which matters when a specification calls for the branded cleaner rather than a generic flush. The container arrives factory sealed. Home24Care stocks it for professional and commercial service work and lists it as compliant with EPA regulations.",in_stock,,,https://home24care.com/products/22lb-solstice-ez-flush-hvac-system-cleaner,,https://home24care.com/product-images/f7f357ce42383515-feed.jpg,449.00 USD,,,,,686114002029,Honeywell,"At igvagas, we provide premium Premium Refrigerant solutions for HVAC, automotive, and commercial refrigeration systems. Our products are:",✓ Factory sealed and virgin,✓ Made in USA – Highest quality standards,✓ Certified and compliant with EPA regulations,,,,,,,,,new,no,,,,,,,,,,no,22 lb,,,,,,,,,"Hardware > Heating, Ventilation & Air Conditioning",Refrigerants & Gases > Legacy Refrigerants,US:::0.00 USD,22 lb,0,1,1,3
r404a-refrigerants-24lb-58,"24lb R-404A Refrigerant, Factory Sealed, 100% Virgin – USA Brand","Twenty-four pounds of R-404A from a USA brand, factory sealed and 100 percent virgin. The cylinder has not been opened or decanted since it was filled, which is the practical difference between this listing and the reclaimed R-404A sold alongside it at the same 24-pound size.
Home24Care lists it under commercial refrigerants for professional use, and it is described as compliant with EPA regulations. Twenty-four pounds is the cylinder size the store carries across its R-404A range.",in_stock,,,https://home24care.com/products/24lb-r-404a-refrigerant-factory-sealed-100-virgin-usa-brand,,https://home24care.com/product-images/f3ff825e0e0977fe-feed.jpg,190.00 USD,,,,,r404a-refrigerants-24lb-58,Home24Care,"At igvagas, we provide premium R-404A Commercial Refrigerant solutions for HVAC, automotive, and commercial refrigeration systems. Our products are:",✓ Factory sealed and virgin,✓ Made in USA – Highest quality standards,✓ Certified and compliant with EPA regulations,,,,,,,,,new,no,,,,,,,,,,no,24 lb,,,,,,,,,"Hardware > Heating, Ventilation & Air Conditioning",Refrigerants & Gases > Commercial Refrigerants,US:::0.00 USD,34 lb,0,1,1,3
24lb-r-404a-refrigerant-factory-sealed-4,"24lb R-404A Refrigerant, Reclaimed","Reclaimed R-404A in a 24-pound cylinder. Reclaimed means the refrigerant was recovered from equipment already in the field and reprocessed, which is what separates this cylinder from the virgin R-404A listed beside it in the same size.
Home24Care also lists a California compliant version of reclaimed R-404A, so check which of the two the job actually calls for before ordering. This one is stocked for commercial refrigeration work and is listed as compliant with EPA regulations.",in_stock,,,https://home24care.com/products/24lb-r-404a-refrigerant-reclaimed,,https://home24care.com/product-images/87bc24fdcd5f4259-feed.jpg,110.00 USD,,,,,24lb-r-404a-refrigerant-factory-sealed-4,Home24Care,"At igvagas, we provide premium R-404A Commercial Refrigerant solutions for HVAC, automotive, and commercial refrigeration systems. Our products are:",✓ Factory sealed and virgin,✓ Made in USA – Highest quality standards,✓ Certified and compliant with EPA regulations,,,,,,,,,new,no,,,,,,,,,,no,24 lb,,,,,,,,,"Hardware > Heating, Ventilation & Air Conditioning",Refrigerants & Gases > Commercial Refrigerants,US:::0.00 USD,34 lb,0,1,1,3
404a RECOVERED,"24lb R-404A Refrigerant, Reclaimed, California Compliant – Made in USA","California compliant is the line that matters on this 24-pound cylinder of reclaimed R-404A. If the job sits in California, that is the distinction to check before ordering any R-404A. The refrigerant is made in the USA.
As with the other reclaimed stock, what is in the cylinder was recovered from equipment in the field and reprocessed rather than produced new. Home24Care lists it under commercial refrigerants and describes it as compliant with EPA regulations.",in_stock,,,https://home24care.com/products/24lb-r-404a-refrigerant-reclaimed-california-compliant-made-in-usa,,https://home24care.com/product-images/6ca08d2510be12c0-feed.jpg,250.00 USD,,,,,404a RECOVERED,Home24Care,"At igvagas, we provide premium R-404A Commercial Refrigerant solutions for HVAC, automotive, and commercial refrigeration systems. Our products are:",✓ Factory sealed and virgin,✓ Made in USA – Highest quality standards,✓ Certified and compliant with EPA regulations,,,,,,,,,new,no,,,,,,,,,,no,24 lb,,,,,,,,,"Hardware > Heating, Ventilation & Air Conditioning",Refrigerants & Gases > Commercial Refrigerants,US:::0.00 USD,35 lb,0,1,1,3
410H-4,"25lb Honeywell R-410A Refrigerant, Virgin Sealed – Made in USA","Honeywell puts its R-410A in a 25-pound cylinder, virgin and sealed, made in the USA. The name on the jug is the reason to take this one over the house-label cylinder of the same size and grade that Home24Care also carries.
Twenty-five pounds is the working size for this refrigerant here, with a 1.5-pound cylinder listed for smaller jobs and a half pallet for shops that go through it. R-410A is the HVAC grade in this range, and the cylinder is listed as compliant with EPA regulations.",in_stock,,,https://home24care.com/products/25lb-honeywell-r-410a-refrigerant-virgin-sealed-made-in-usa,,https://home24care.com/product-images/f64a64d250671607-feed.jpg,109.00 USD,,,,,410H-4,Honeywell,"At igvagas, we provide premium R-410A HVAC Refrigerant solutions for HVAC, automotive, and commercial refrigeration systems. Our products are:",✓ Factory sealed and virgin,✓ Made in USA – Highest quality standards,✓ Certified and compliant with EPA regulations,,,,,,,,,new,no,,,,,,,,,,no,25 lb,,,,,,,,,"Hardware > Heating, Ventilation & Air Conditioning",Refrigerants & Gases > HVAC Refrigerants,US:::0.00 USD,36 lb,0,1,1,3
407A,"25lb R-407A Refrigerant, Factory Sealed","Twenty-five pounds is the only size Home24Care lists for R-407A, and the cylinder arrives factory sealed with virgin refrigerant. It is filed under specialty refrigerants, though the work it goes into is ordinary HVAC service.
Check the equipment nameplate for the refrigerant it calls for before ordering, since the 400-series grades run close together in name and are not swapped on a hunch. The cylinder is sold for professional and commercial use and is listed as compliant with EPA regulations.",in_stock,,,https://home24care.com/products/25lb-r-407a-refrigerant-factory-sealed,,https://home24care.com/product-images/c508a06d54b928a6-feed.jpg,159.00 USD,,,,,407A,Home24Care,"At igvagas, we provide premium R-407 HVAC Refrigerant solutions for HVAC, automotive, and commercial refrigeration systems. Our products are:",✓ Factory sealed and virgin,✓ Made in USA – Highest quality standards,✓ Certified and compliant with EPA regulations,,,,,,,,,new,no,,,,,,,,,,no,25 lb,,,,,,,,,"Hardware > Heating, Ventilation & Air Conditioning",Refrigerants & Gases > Specialty Refrigerants,US:::0.00 USD,36 lb,0,1,1,3
410A,"25lb R-410A Refrigerant, Virgin Sealed – Made in USA","The house-label R-410A cylinder, 25 pounds, virgin and sealed, made in the USA. It sits next to the Honeywell cylinder of the same size and grade, and the choice between them comes down to whether the brand on the jug matters to the customer or the contract.
R-410A is used in HVAC systems and this one is sold for professional and commercial service, with a 1.5-pound cylinder listed separately for small jobs. It is described as compliant with EPA regulations.",in_stock,,,https://home24care.com/products/25lb-r-410a-refrigerant-virgin-sealed-made-in-usa,,https://home24care.com/product-images/e9e760a08d7662da-feed.jpg,109.00 USD,,,,,410A,Home24Care,"At igvagas, we provide premium R-410A HVAC Refrigerant solutions for HVAC, automotive, and commercial refrigeration systems. Our products are:",✓ Factory sealed and virgin,✓ Made in USA – Highest quality standards,✓ Certified and compliant with EPA regulations,,,,,,,,,new,no,,,,,,,,,,no,25 lb,,,,,,,,,"Hardware > Heating, Ventilation & Air Conditioning",Refrigerants & Gases > HVAC Refrigerants,US:::0.00 USD,36 lb,0,1,1,3
r421a-refrigerant-25lb-1-14,"25lb R-421A Refrigerant, R-22 Alternative","R-421A is offered as an alternative to R-22, and this is the 25-pound cylinder of it, factory sealed with virgin refrigerant. That puts it in front of equipment still running the older grade.
Alternative means it is sold for those systems, not that it behaves identically to what came out of them, so the equipment gets checked rather than assumed. Home24Care keeps it in the HVAC refrigerant range for professional and commercial service and lists it as compliant with EPA regulations.",in_stock,,,https://home24care.com/products/25lb-r-421a-refrigerant-r-22-alternative,,https://home24care.com/product-images/d8c14c5eea2320a5-feed.jpg,275.00 USD,,,,,r421a-refrigerant-25lb-1-14,Home24Care,"At igvagas, we provide premium R-22 Legacy Refrigerant solutions for HVAC, automotive, and commercial refrigeration systems. Our products are:",✓ Factory sealed and virgin,✓ Made in USA – Highest quality standards,✓ Certified and compliant with EPA regulations,,,,,,,,,new,no,,,,,,,,,,no,25 lb,,,,,,,,,"Hardware > Heating, Ventilation & Air Conditioning",Refrigerants & Gases > HVAC Refrigerants,US:::0.00 USD,36 lb,0,1,1,3
424,25lb R-422B (NU-22) Refrigerant,"R-422B, sold under the NU-22 designation, in a 25-pound cylinder. A specification written under either name points to the same cylinder, which is worth knowing when the paperwork and the jug do not use the same wording.
Home24Care groups it with the legacy refrigerants, the same range that holds R-22 itself, and 25 pounds is the only size listed for it. The cylinder is factory sealed with virgin refrigerant and is listed as compliant with EPA regulations. It is stocked for professional and commercial service rather than casual use.",in_stock,,,https://home24care.com/products/25lb-r-422b-nu-22-refrigerant,,https://home24care.com/product-images/d72e969e4ceffee8-feed.jpg,11200.00 USD,,,,,424,Home24Care,"At igvagas, we provide premium R-22 Legacy Refrigerant solutions for HVAC, automotive, and commercial refrigeration systems. Our products are:",✓ Factory sealed and virgin,✓ Made in USA – Highest quality standards,✓ Certified and compliant with EPA regulations,,,,,,,,,new,no,,,,,,,,,,no,25 lb,,,,,,,,,"Hardware > Heating, Ventilation & Air Conditioning",Refrigerants & Gases > Legacy Refrigerants,US:::0.00 USD,35 lb,0,1,1,3
40-422D,25lb R-422D Refrigerant,"A 25-pound cylinder of R-422D, factory sealed with virgin refrigerant. Home24Care carries it among the legacy refrigerants, and 25 pounds is the only size listed for the grade.
The listing gives the grade and the cylinder size and not much beyond that, so match it against what the equipment nameplate calls for rather than assuming a substitution will hold. It is described as compliant with EPA regulations and sold for professional and commercial use.",in_stock,,,https://home24care.com/products/25lb-r-422d-refrigerant,,https://home24care.com/product-images/8242b12c551d4d2b-feed.jpg,15960.00 USD,,,,,40-422D,Home24Care,"At igvagas, we provide premium Premium Refrigerant solutions for HVAC, automotive, and commercial refrigeration systems. Our products are:",✓ Factory sealed and virgin,✓ Made in USA – Highest quality standards,✓ Certified and compliant with EPA regulations,,,,,,,,,new,no,,,,,,,,,,no,25 lb,,,,,,,,,"Hardware > Heating, Ventilation & Air Conditioning",Refrigerants & Gases > Legacy Refrigerants,US:::0.00 USD,36 lb,0,1,1,3
440,"25lb R-438A (Mo99) Refrigerant, R-22 Replacement","R-438A, carried under the MO99 designation, is offered as a replacement for R-22 and comes in a 25-pound cylinder. The refrigerant is virgin and the cylinder is factory sealed.
Both names refer to the same product, so a job sheet written for MO99 and one written for R-438A land on this listing. Home24Care files it with the legacy refrigerants for professional and commercial service and describes it as compliant with EPA regulations. Confirm the equipment is suitable for R-438A before charging.",in_stock,,,https://home24care.com/products/25lb-r-438a-mo99-refrigerant-r-22-replacement,,https://home24care.com/product-images/69692d1f4c75f8c3-feed.jpg,345.00 USD,,,,,440,Home24Care,"At igvagas, we provide premium R-22 Legacy Refrigerant solutions for HVAC, automotive, and commercial refrigeration systems. Our products are:",✓ Factory sealed and virgin,✓ Made in USA – Highest quality standards,✓ Certified and compliant with EPA regulations,,,,,,,,,new,no,,,,,,,,,,no,25 lb,,,,,,,,,"Hardware > Heating, Ventilation & Air Conditioning",Refrigerants & Gases > Legacy Refrigerants,US:::0.00 USD,36 lb,0,1,1,3
40 R448a,"25lb R-448A Refrigerant, Honeywell, R404A & R22 Replacement – Made in USA","Honeywell R-448A in a 25-pound cylinder, made in the USA and offered as a replacement for both R-404A and R-22. Covering two older grades is what puts it on commercial refrigeration jobs where a single site still runs a mix of equipment.
The cylinder is factory sealed with virgin refrigerant and is listed as compliant with EPA regulations. Home24Care stocks it under commercial refrigerants for professional and commercial work, and 25 pounds is the size listed for it.",in_stock,,,https://home24care.com/products/25lb-r-448a-refrigerant-honeywell-r404a-r22-replacement-made-in-usa,,https://home24care.com/product-images/e03d810212959101-feed.jpg,365.00 USD,,,,,40 R448a,Honeywell,"At igvagas, we provide premium R-404A Commercial Refrigerant solutions for HVAC, automotive, and commercial refrigeration systems. Our products are:",✓ Factory sealed and virgin,✓ Made in USA – Highest quality standards,✓ Certified and compliant with EPA regulations,,,,,,,,,new,no,,,,,,,,,,no,25 lb,,,,,,,,,"Hardware > Heating, Ventilation & Air Conditioning",Refrigerants & Gases > Commercial Refrigerants,US:::0.00 USD,36 lb,0,1,1,3
40 R449,25lb R-449A Refrigerant,"The house-label R-449A cylinder holds 25 pounds and arrives factory sealed with virgin refrigerant, listed under commercial refrigerants for professional service work.
The same refrigerant appears elsewhere in the catalog as genuine Honeywell Solstice by the half and full pallet, so this is the single cylinder rather than the branded bulk buy. The listing states the grade and the quantity and little else, so check what your equipment is specified for before ordering. It is described as compliant with EPA regulations.",in_stock,,,https://home24care.com/products/25lb-r-449a-refrigerant,,https://home24care.com/product-images/f4e104e817b092bb-feed.jpg,145.00 USD,,,,,40 R449,Home24Care,"At igvagas, we provide premium Premium Refrigerant solutions for HVAC, automotive, and commercial refrigeration systems. Our products are:",✓ Factory sealed and virgin,✓ Made in USA – Highest quality standards,✓ Certified and compliant with EPA regulations,,,,,,,,,new,no,,,,,,,,,,no,25 lb,,,,,,,,,"Hardware > Heating, Ventilation & Air Conditioning",Refrigerants & Gases > Commercial Refrigerants,US:::0.00 USD,36 lb,0,1,1,3
507,"25lb R-507 Refrigerant, Commercial Refrigeration","R-507 for commercial refrigeration, 25 pounds to the cylinder, factory sealed with virgin refrigerant. The seal holds until someone opens it on site, so the jug that arrives is the jug that was filled, with nothing decanted along the way.
Home24Care stocks it for professional and commercial service and lists it as compliant with EPA regulations. Twenty-five pounds is the only size listed for this grade, and handling and charging belong to a qualified technician.",in_stock,,,https://home24care.com/products/25lb-r-507-refrigerant-commercial-refrigeration,,https://home24care.com/product-images/c44a3aa220b28dcc-feed.jpg,156.00 USD,,,,,507,Home24Care,"At igvagas, we provide premium R-507 Commercial Refrigerant solutions for HVAC, automotive, and commercial refrigeration systems. Our products are:",✓ Factory sealed and virgin,✓ Made in USA – Highest quality standards,✓ Certified and compliant with EPA regulations,,,,,,,,,new,no,,,,,,,,,,no,25 lb,,,,,,,,,"Hardware > Heating, Ventilation & Air Conditioning",Refrigerants & Gases > Specialty Refrigerants,US:::0.00 USD,36 lb,0,1,1,3
flush-it-26lb-with-gauge-15,26lb Flush-It Refrigerant Cleaner with Gauge – Made in USA,"Flush-It cleans refrigerant systems, and this 26-pound package comes with the gauge, so the cleaner and the tool for metering it arrive together rather than as two separate orders. Made in the USA.
It is a cleaner rather than a charge, which means it belongs to the flushing stage of a service job and never goes into a system as refrigerant. Home24Care lists it with the specialty refrigerants for professional and commercial work and describes it as compliant with EPA regulations.",in_stock,,,https://home24care.com/products/26lb-flush-it-refrigerant-cleaner-with-gauge-made-in-usa,,https://home24care.com/product-images/8934baa7252ed388-feed.jpg,280.00 USD,,,,,flush-it-26lb-with-gauge-15,Home24Care,"At igvagas, we provide premium Premium Refrigerant solutions for HVAC, automotive, and commercial refrigeration systems. Our products are:",✓ Factory sealed and virgin,✓ Made in USA – Highest quality standards,✓ Certified and compliant with EPA regulations,,,,,,,,,new,no,,,,,,,,,,yes,26 lb,,,,,,,,,"Hardware > Heating, Ventilation & Air Conditioning",Refrigerants & Gases > Specialty Refrigerants,US:::0.00 USD,,0,1,1,3
134a,"30lb R-134a Refrigerant, Automotive, 1/2 ACME","The fitting is the thing to get right here. This 30-pound cylinder of R-134a carries the 1/2 ACME connection and is sold as the automotive grade, while the HVAC version of the same refrigerant is listed separately with a 1/4 ACME valve. Ordering the wrong one leaves you with refrigerant you cannot connect.
The refrigerant is virgin and the cylinder is factory sealed. Home24Care stocks it for professional and commercial service and describes it as compliant with EPA regulations.",in_stock,,,https://home24care.com/products/30lb-r-134a-refrigerant-automotive-1-2-acme,,https://home24care.com/product-images/8f38f6d1240e10c7-feed.jpg,110.00 USD,,,,,134a,Home24Care,"At igvagas, we provide premium R-134A Automotive Refrigerant solutions for HVAC, automotive, and commercial refrigeration systems. Our products are:",✓ Factory sealed and virgin,✓ Made in USA – Highest quality standards,✓ Certified and compliant with EPA regulations,,,,,,,,,new,no,,,,,,,,,,no,30 lb,,,,,,,,,"Hardware > Heating, Ventilation & Air Conditioning",Refrigerants & Gases > Legacy Refrigerants,US:::0.00 USD,39 lb,0,1,1,3
34H-1,"30lb R-134a Refrigerant, HVAC, 1/4 ACME","A 30-pound cylinder of R-134a with a 1/4 ACME fitting, factory sealed and filled with virgin refrigerant. It is made in the USA and certified as compliant with EPA regulations.
Thirty pounds is a working stock size rather than a single-repair size, which puts this cylinder in shops handling HVAC service, automotive air conditioning and commercial refrigeration through a season. Home24Care lists it as a professional-grade refrigerant for professional and commercial use.",in_stock,,,https://home24care.com/products/30lb-r-134a-refrigerant-hvac-1-4-acme,,https://home24care.com/product-images/e7447ee0d4b7decb-feed.jpg,300.00 USD,,,,,34H-1,Home24Care,"At igvagas, we provide premium R-134A Automotive Refrigerant solutions for HVAC, automotive, and commercial refrigeration systems. Our products are:",✓ Factory sealed and virgin,✓ Made in USA – Highest quality standards,✓ Certified and compliant with EPA regulations,,,,,,,,,new,no,,,,,,,,,,no,30 lb,,,,,,,,,"Hardware > Heating, Ventilation & Air Conditioning",Refrigerants & Gases > Legacy Refrigerants,US:::0.00 USD,39 lb,0,1,1,3
22Brown,30lb R-22 Refrigerant Center,"R-22 in a 30-pound cylinder, factory sealed, virgin, and made in the USA under certification for compliance with EPA regulations.
R-22 is the legacy refrigerant of this catalog, stocked for equipment that was built around it and is still in service. The 30-pound cylinder is the size most service work draws from, large enough to cover repeat charges without committing to pallet quantity. It is sold for professional and commercial use in HVAC and refrigeration systems. If one cylinder is not enough, the same refrigerant is listed here in quarter-pallet and full-pallet counts.",in_stock,,,https://home24care.com/products/30lb-r-22-refrigerant-center,,https://home24care.com/product-images/6bbbe94ad342bb2b-feed.jpg,4500.00 USD,,,,,22Brown,Home24Care,"At igvagas, we provide premium R-22 Legacy Refrigerant solutions for HVAC, automotive, and commercial refrigeration systems. Our products are:",✓ Factory sealed and virgin,✓ Made in USA – Highest quality standards,✓ Certified and compliant with EPA regulations,,,,,,,,,new,no,,,,,,,,,,no,30 lb,,,,,,,,,"Hardware > Heating, Ventilation & Air Conditioning",Refrigerants & Gases > Legacy Refrigerants,US:::0.00 USD,39 lb,0,1,1,3
22G,"30lb R-22 Refrigerant, Virgin  – Made in USA","Equipment built for R-22 still needs R-22, and this listing covers one 30-pound cylinder of it. The refrigerant is virgin, the cylinder leaves the plant sealed, and production is in the USA under certification for compliance with EPA regulations.
Use is professional and commercial, covering HVAC and refrigeration systems that take R-22. Buying a single cylinder makes sense when the work is occasional; where R-22 service is steady, the same 30-pound cylinder appears here in quarter-pallet and full-pallet quantities.",in_stock,,,https://home24care.com/products/30lb-r-22-refrigerant-virgin-made-in-usa,,https://home24care.com/product-images/d52048fa557e063a-feed.jpg,200.00 USD,,,,,22G,Home24Care,"At igvagas, we provide premium R-22 Legacy Refrigerant solutions for HVAC, automotive, and commercial refrigeration systems. Our products are:",✓ Factory sealed and virgin,✓ Made in USA – Highest quality standards,✓ Certified and compliant with EPA regulations,,,,,,,,,new,no,,,,,,,,,,no,30 lb,,,,,,,,,"Hardware > Heating, Ventilation & Air Conditioning",Refrigerants & Gases > Legacy Refrigerants,US:::0.00 USD,40 lb,0,1,1,3
40 R513,"30lb R-513A Refrigerant, Low-GWP R-134a Replacement","R-513A is stocked here as a low-GWP replacement for R-134a, in a 30-pound cylinder that is factory sealed and filled with virgin refrigerant. Production is in the USA and the product is certified as compliant with EPA regulations.
The title states the role plainly: a lower global warming potential option in place of R-134a. It is sold for professional and commercial use in HVAC, automotive and commercial refrigeration systems, in the same 30-pound cylinder size as the R-134a it stands in for, so the change is in the refrigerant rather than in how the cylinder is bought.",in_stock,,,https://home24care.com/products/30lb-r-513a-refrigerant-low-gwp-r-134a-replacement,,https://home24care.com/product-images/3beea3b29cbc73b5-feed.jpg,180.00 USD,,,,,40 R513,Home24Care,"At igvagas, we provide premium R-134A Automotive Refrigerant solutions for HVAC, automotive, and commercial refrigeration systems. Our products are:",✓ Factory sealed and virgin,✓ Made in USA – Highest quality standards,✓ Certified and compliant with EPA regulations,,,,,,,,,new,no,,,,,,,,,,no,30 lb,,,,,,,,,"Hardware > Heating, Ventilation & Air Conditioning",Refrigerants & Gases > Legacy Refrigerants,US:::0.00 USD,39 lb,0,1,1,3
2404021com,9x6 Bellerose Greenhouse,"An integrated pergola with a trellis roof frames the entrance of the Bellerose, giving climbing vines and hanging plants somewhere to live before you step inside. The glazing is 10mm 4-wall polycarbonate rated at R-2.1, holding 30% more heat than the standard 6mm twin-wall panels most greenhouses use and diffusing light so seedlings get coverage without scorching. The frame is FSC-certified, kiln-dried cedar, naturally resistant to rot, decay, and insects. Inside there are 54 square feet of floor space, 19 linear feet of upper and lower staging shelves, and an interior water spigot, and the entry door is wide enough to push a wheelbarrow through. A thermostat-activated exhaust fan and a casement window cover active and passive airflow. Pro-Tect tested to 3,700 pounds of snow load and 100 mph winds, with a 5-year warranty.",in_stock,,,https://home24care.com/products/9x6-bellerose-greenhouse,,https://home24care.com/product-images/b4ae4b1a7ebd0404-feed.jpg,1119.60 USD,999.60 USD,,,752113494022,2404021com,Backyard Discovery,10mm 4-wall polycarbonate with R-2.1 insulation retains 30% more heat than standard 6mm twin-wall,1 thermostat-activated exhaust fan plus 1 casement window for active and passive airflow,54 sq ft interior with 19 linear feet of upper and lower staging shelves,Interior water spigot included for watering inside the greenhouse,,https://home24care.com/product-images/9898754be2215c4e-feed.jpg,https://home24care.com/product-images/746f9cd8b4153305-feed.jpg,https://home24care.com/product-images/cd4b2a65623fedbf-feed.jpg,https://home24care.com/product-images/ed5f3c86fdb8b4ca-feed.jpg,https://home24care.com/product-images/4757af348e3e0301-feed.jpg,https://home24care.com/product-images/fc74cfa8601d13ee-feed.jpg,https://home24care.com/product-images/1782207cc607906c-feed.jpg,new,no,,9x6,,,,,,,,no,,,,,,bellerose-greenhouses,,,,Home & Garden > Lawn & Garden > Gardening > Greenhouses,Outdoor Living > Greenhouses,US:::0.00 USD,870 lb,0,1,1,3
2304185com,9x6 Bellerose Greenhouse - White,"Pre-stained and sealed in white, the cedar frame on this Bellerose stands out brighter against a lawn or fence line than the natural version, and it resists rot, decay, and insects just the same. The FSC-certified, kiln-dried wood carries 10mm 4-wall polycarbonate glazing with an R-2.1 insulation value, which retains 30% more heat than standard 6mm twin-wall panels and turns direct sun into diffused light. An integrated pergola with a trellis roof covers the entrance, ready for hanging plants and climbing vines. The 54 square foot interior holds 19 linear feet of upper and lower staging shelves and an interior water spigot, and the door is sized for a wheelbarrow. Ventilation comes from a thermostat-activated exhaust fan and a casement window. Pro-Tect tested to 3,700 pounds of snow load and 100 mph winds, with a 5-year warranty.",in_stock,,,https://home24care.com/products/9x6-white-bellerose-greenhouse,,https://home24care.com/product-images/babe77d985a88759-feed.jpg,1319.60 USD,,,,752113394186,2304185com,Backyard Discovery,10mm 4-wall polycarbonate with R-2.1 insulation retains 30% more heat than standard 6mm twin-wall,1 thermostat-activated exhaust fan plus 1 casement window for active and passive airflow,54 sq ft interior with 19 linear feet of upper and lower staging shelves,Interior water spigot included for watering inside the greenhouse,,https://home24care.com/product-images/6d025caed106995a-feed.jpg,https://home24care.com/product-images/843a930831b30538-feed.jpg,https://home24care.com/product-images/14808e4ca3811af6-feed.jpg,https://home24care.com/product-images/68f97efacffbaea5-feed.jpg,https://home24care.com/product-images/004633c61567b49d-feed.jpg,https://home24care.com/product-images/a1bab9a2b0778925-feed.jpg,https://home24care.com/product-images/fa2cefa9932e2423-feed.jpg,new,no,White,9x6,,,,,,,,no,,,,,,bellerose-greenhouses,,,,Home & Garden > Lawn & Garden > Gardening > Greenhouses,Outdoor Living > Greenhouses,US:::0.00 USD,873.08 lb,0,1,1,3
2404281com,9x6 Poppy Greenhouse,"Growing space on the Poppy runs past its walls, since the trellis roof extends over three sides with room to hang baskets, trail plants, and train vines along the roofline. Inside, 50 square feet holds 26 linear feet of upper and lower staging shelves, including a freestanding 4-tier rack that keeps supplies off the floor. The glazing is 10mm 4-wall polycarbonate rated R-2.1, retaining 30% more heat than standard 6mm twin-wall and turning direct sun into diffused light. Its FSC-certified, kiln-dried cedar frame takes moisture and seasonal swings without rotting or drawing insects. A thermostat-activated exhaust fan and a casement window handle temperature, and an interior water spigot with a collapsible hose saves trips to the outside tap. Pro-Tect tested to 2,600 pounds of snow load and 100 mph winds, backed by a 5-year warranty.",in_stock,,,https://home24care.com/products/9x6-poppy-greenhouse,,https://home24care.com/product-images/0f8eb093914fcbf8-feed.jpg,1119.60 USD,959.60 USD,,,752113494282,2404281com,Backyard Discovery,10mm 4-wall polycarbonate with R-2.1 insulation retains 30% more heat than standard 6mm twin-wall,1 thermostat-activated exhaust fan plus 1 casement window for active and passive airflow,50 sq ft interior with 26 linear feet of upper and lower staging shelves including a 4-tier rack,Interior water spigot with collapsible hose included for watering inside the greenhouse,,https://home24care.com/product-images/8e775080a92d594b-feed.jpg,https://home24care.com/product-images/7a2a65b473cb8c1c-feed.jpg,https://home24care.com/product-images/596849ba750a6813-feed.jpg,https://home24care.com/product-images/c0689f87ce45c307-feed.jpg,https://home24care.com/product-images/89d0bda9a200d13c-feed.jpg,https://home24care.com/product-images/e71db2258cad8e8e-feed.jpg,https://home24care.com/product-images/bf3e4f4808b36762-feed.jpg,new,no,,9x6,,,,,,,,no,,,,,,poppy-greenhouses,,,,Home & Garden > Lawn & Garden > Gardening > Greenhouses,Outdoor Living > Greenhouses,US:::0.00 USD,802 lb,0,1,1,3
2404014Bcom,9x6 Willow Greenhouse,"Clean lines and a single sloped roof keep the Willow compact enough to sit alongside a modern house without competing with it. The 9x6 frame is FSC-certified, kiln-dried cedar that resists rot, decay, and insects, and the glazing is 10mm 4-wall polycarbonate rated R-2.1, retaining 30% more heat than standard 6mm twin-wall while softening sunlight so there are no hot spots over the shelves. Inside, 54 square feet of floor space includes 13 linear feet of lower staging shelves and a slat wall for hanging baskets and tools, plus an interior water spigot. A thermostat-activated exhaust fan and a casement window handle ventilation. Pro-Tect testing rates it to 2,800 pounds of snow load and 100 mph winds, and it comes with a 5-year warranty.",in_stock,,,https://home24care.com/products/willow-greenhouse,,https://home24care.com/product-images/2c2aa4cc157b2762-feed.jpg,799.60 USD,719.60 USD,,,752113494015,2404014Bcom,Backyard Discovery,10mm 4-wall polycarbonate with R-2.1 insulation retains 30% more heat than standard 6mm twin-wall,1 thermostat-activated exhaust fan plus 1 casement window for active and passive airflow,54 sq ft interior with 13 linear feet of lower staging shelves,Interior water spigot included for watering inside the greenhouse,,https://home24care.com/product-images/a6aae7abf5f79be9-feed.jpg,https://home24care.com/product-images/104d72bdb70898e7-feed.jpg,https://home24care.com/product-images/7c5e9fbb34389437-feed.jpg,https://home24care.com/product-images/b599ede5263b6aa0-feed.jpg,https://home24care.com/product-images/d9159f0b81e3fcb1-feed.jpg,https://home24care.com/product-images/2aecaf659d311331-feed.jpg,https://home24care.com/product-images/fc50c4085c53ff9e-feed.jpg,new,no,,9x6,,,,,,,,no,,,,,,willow-greenhouses,,,,Home & Garden > Lawn & Garden > Gardening > Greenhouses,Outdoor Living > Greenhouses,US:::0.00 USD,648 lb,0,1,1,3
2304178Bcom,9x6 Willow Greenhouse - White,"This Willow ships with its cedar pre-stained and sealed in white, a brighter finish on the same compact sloped-roof design. The frame is FSC-certified and kiln-dried, resisting rot, decay, and insects through years of seasonal exposure. Panels are 10mm 4-wall polycarbonate with an R-2.1 insulation value, holding 30% more heat than standard 6mm twin-wall and diffusing sunlight rather than concentrating it. The 54 square foot interior includes 13 linear feet of lower staging shelves, a slat wall for hanging baskets and tools, and an interior water spigot. Ventilation runs through a thermostat-activated exhaust fan and a casement window. Pro-Tect tested to 2,800 pounds of snow load and 100 mph winds, with a 5-year warranty.",in_stock,,,https://home24care.com/products/9x6-willow-greenhouse-white,,https://home24care.com/product-images/a9fb0cf9a8ff347f-feed.jpg,919.60 USD,719.60 USD,,,752113394179,2304178Bcom,Backyard Discovery,10mm 4-wall polycarbonate with R-2.1 insulation retains 30% more heat than standard 6mm twin-wall,1 thermostat-activated exhaust fan plus 1 casement window for active and passive airflow,54 sq ft interior with 13 linear feet of lower staging shelves,Interior water spigot included for watering inside the greenhouse,,https://home24care.com/product-images/27d538b2b632ef28-feed.jpg,https://home24care.com/product-images/24b832d24ac0a001-feed.jpg,https://home24care.com/product-images/e1d7acb8ab843e61-feed.jpg,https://home24care.com/product-images/9ca54da06315efd5-feed.jpg,https://home24care.com/product-images/9a79902c6274d1a4-feed.jpg,https://home24care.com/product-images/cd9484af09dbcbcc-feed.jpg,https://home24care.com/product-images/b34f8623c1cf0f63-feed.jpg,new,no,White,9x6,,,,,,,,no,,,,,,willow-greenhouses,,,,Home & Garden > Lawn & Garden > Gardening > Greenhouses,Outdoor Living > Greenhouses,US:::0.00 USD,648 lb,0,1,1,3
1605022Dcom,Beach Front Swing Set,"Monkey bars, an 8-foot wave slide, and a large upper deck under a colorful canopy. A ship's steering wheel and a toy telescope are mounted within reach on the deck. Kids climb the rock wall, which doubles as the ladder, then cross the monkey bars or take the slide down. Two belt swings and a trapeze hang from the beam. At ground level, the shaded area under the deck works as a sandbox, with sand not included, and a covered snack bar window with bench seating and a bright awning gives kids somewhere to sit with a drink or spread out craft supplies. The frame is cedar, which naturally resists rot and decay. It ships ready to assemble with interactive step-by-step instructions in the BILT app and a 5-year warranty.",in_stock,,,https://home24care.com/products/beach-front-wooden-swing-set,,https://home24care.com/product-images/75ac5f6a051b8c3a-feed.jpg,359.60 USD,319.60 USD,,,752113695023,1605022Dcom,Backyard Discovery,Lower Play Space: Shaded sandbox area to inspire creative sensory play (sand not included),Industry-Leading Warranty: 5-year warranty for added peace of mind,Monkey Bar Fun: Creates a playful challenge that promotes strength as children swing and climb,Built-In Picnic Area: Covered snack bar window with bench seating is ideal for juice breaks or arts and crafts,,https://home24care.com/product-images/7b9c634e72c04de2-feed.jpg,https://home24care.com/product-images/087aca8b054aa29a-feed.jpg,https://home24care.com/product-images/5390fd3734fd27c6-feed.jpg,https://home24care.com/product-images/d568bae034f117c9-feed.jpg,https://home24care.com/product-images/223bc89c0aad81c2-feed.jpg,https://home24care.com/product-images/3c652e35a40fa1be-feed.jpg,https://home24care.com/product-images/de908452048184f8-feed.jpg,new,no,,,,,,,,,,no,,,,,,,,,,Toys & Games > Outdoor Play Equipment > Swing Sets & Playsets,Outdoor Living > Swing Sets,US:::0.00 USD,55.12 lb,0,1,1,3
1952050Dcom,Big Brutus Heavy-Duty Metal A-Frame Swing Set,"Entirely steel: galvanized steel under a powder-coated finish, with no wood to stain or seal. The angled A-frame is what gives it stability, and the heavy-duty hardware is sized to match. Two belt swings hang on coated chains that stay comfortable to grip, with a metal trapeze bar beside them for hanging and flipping. The swing zone is extra large, leaving room for more than one child to swing at the same time without crowding. Molded feet and the included ground anchors hold the frame down as a freestanding structure. Pieces come pre-fabricated, pre-drilled, and powder coated for assembly, and the set carries a 5-year warranty. Galvanized steel also means weather does little to it and upkeep stays minimal.",in_stock,,,https://home24care.com/products/big-brutus-heavy-duty-metal-a-frame-swing-set,,https://home24care.com/product-images/28e0569041daafb0-feed.jpg,259.60 USD,199.60 USD,,,752113992252,1952050Dcom,Backyard Discovery,Classic Swinging Fun: 2 durable belt swings with coated chains and 1 trapeze bar provide sky-high adventures,Industry-Leading Warranty: 5-year warranty for added peace of mind,"Freestanding Setup: Molded feet with included ground anchors provide a secure, freestanding design for enhanced safety","Spacious Swing Zone: Extra-large design offers ample room for multiple children to swing together safely, encouraging shared playtime",,https://home24care.com/product-images/585fd55d18ba9a45-feed.jpg,https://home24care.com/product-images/f61922fbd74c73cc-feed.jpg,https://home24care.com/product-images/28d6ff526dfe48a8-feed.jpg,https://home24care.com/product-images/55e499a34e2fa0f8-feed.jpg,https://home24care.com/product-images/82f518cfd5cd3edd-feed.jpg,https://home24care.com/product-images/967217183a9a3c86-feed.jpg,https://home24care.com/product-images/d22cef60f0842dbc-feed.jpg,new,no,,,,,,,,,,no,,,,,,,,,,Toys & Games > Outdoor Play Equipment > Swing Sets & Playsets,Outdoor Living > Swing Sets,US:::0.00 USD,185.19 lb,0,1,1,3
1906013com,Bristol Point Swing Set,"Two slides run off the clubhouse here, an enclosed spiral tube slide and a 10-foot wave slide. The clubhouse sits under a wooden roof with bay windows that bring in natural light, two balconies, a steering wheel, a chalkboard, and a toy telescope for scouting the yard. Getting up is either the flat-step ladder or the rock wall, which has twelve holds. The level below is a playhouse with a working half door, a mounted chalkboard, and a play kitchen holding a toy stovetop, a grill, a sink, a battery-powered blender, plastic food, a cookware set, and a dinner bell. Two belt swings and a trapeze hang from the beam. The frame is natural cedar, it ships ready to assemble with BILT app instructions, and a 5-year warranty comes with it.",in_stock,,,https://home24care.com/products/bristol-point-wooden-swing-set,,https://home24care.com/product-images/437ba86fc338f3eb-feed.jpg,879.60 USD,,,,752113996014,1906013com,Backyard Discovery,"Spiral Tube Slide: Enclosed curvy slide delivers exhilarating, twisty rides for little adventurers",Chalkboard Door: Adorable working half door with a built-in chalkboard is ready for artwork and cute messages,Versatile Swinging Fun: 2 classic belt swings and 1 trapeze allow multiple kids to swing at once,"Speedy Wave Slide: 10-foot wave slide offers swift, safe descents for endless fun every time",,https://home24care.com/product-images/c2c8e98a6b5d3093-feed.jpg,https://home24care.com/product-images/1aa5a568ccfd7dcd-feed.jpg,https://home24care.com/product-images/4164086bdc982c43-feed.jpg,https://home24care.com/product-images/26ae8dbe46ab9a63-feed.jpg,https://home24care.com/product-images/9496e4bf7072e7aa-feed.jpg,https://home24care.com/product-images/f73a8296baf527a0-feed.jpg,https://home24care.com/product-images/90a18a99cab45f18-feed.jpg,new,no,,,,,,,,,,no,,,,,,,,,,Toys & Games > Outdoor Play Equipment > Swing Sets & Playsets,Outdoor Living > Swing Sets,US:::0.00 USD,587 lb,0,1,1,3
r134a-automotive-refrigerant-10-x-30lb-cy-ed95a8a8,Bulk Pack – 10 × 30lb R-134a Automotive Refrigerant,"Ten 30-pound cylinders of R-134a ship as one bulk pack, 300 pounds of refrigerant in total. Every cylinder is virgin, factory sealed, made in the USA and certified as compliant with EPA regulations.
The pack suits a shop going through R-134a steadily across automotive air conditioning and HVAC service, where ordering one cylinder at a time means reordering constantly. These are the same 30-pound cylinders sold individually on the site, so nothing about the product changes with quantity, only how much of it arrives at once.",in_stock,,,https://home24care.com/products/bulk-pack-10-x-30lb-r-134a-automotive-refrigerant,,https://home24care.com/product-images/bbe0bc0044b6ecd1-feed.jpg,500.00 USD,,,,,r134a-automotive-refrigerant-10-x-30lb-cylinders-free-freight-47,Home24Care,"At igvagas, we provide premium R-134A Automotive Refrigerant solutions for HVAC, automotive, and commercial refrigeration systems. Our products are:",✓ Factory sealed and virgin,✓ Made in USA – Highest quality standards,✓ Certified and compliant with EPA regulations,,,,,,,,,new,no,,,,,,,,,10,no,30 lb,,,,,,,,,"Hardware > Heating, Ventilation & Air Conditioning",Refrigerants & Gases > Legacy Refrigerants,US:::0.00 USD,400 lb,0,1,1,3
r134a-refrigerant-30lb-11,Bulk Pack – 20 × 30lb R-134a Automotive Refrigerant,"Twenty cylinders at 30 pounds each, 600 pounds of R-134a in a single bulk pack. The refrigerant is virgin and factory sealed, made in the USA and certified as compliant with EPA regulations.
This is the step between the ten-cylinder pack and a full pallet, which makes it a reasonable order for a shop that knows its seasonal R-134a volume and would rather take delivery once. Applications are the usual ones for R-134a, meaning automotive air conditioning and commercial refrigeration alongside general HVAC work.",in_stock,,,https://home24care.com/products/bulk-pack-20-x-30lb-r-134a-automotive-refrigerant,,https://home24care.com/product-images/56729ff10165631c-feed.jpg,300.00 USD,,,,,r134a-refrigerant-30lb-11,Home24Care,"At igvagas, we provide premium R-134A Automotive Refrigerant solutions for HVAC, automotive, and commercial refrigeration systems. Our products are:",✓ Factory sealed and virgin,✓ Made in USA – Highest quality standards,✓ Certified and compliant with EPA regulations,,,,,,,,,new,no,,,,,,,,,20,no,30 lb,,,,,,,,,"Hardware > Heating, Ventilation & Air Conditioning",Refrigerants & Gases > Legacy Refrigerants,US:::0.00 USD,800 lb,0,1,1,3
40 R404,"Full Pallet – 40 × 24lb R-404A Refrigerant, Free Freight","A full pallet of R-404A, forty cylinders at 24 pounds each and 960 pounds of refrigerant altogether. R-404A is the commercial refrigeration grade in this range, and every cylinder on the pallet is virgin, factory sealed, made in the USA and certified as compliant with EPA regulations.
Pallet quantity is aimed at contractors and distributors with recurring commercial refrigeration work rather than at any one job. All forty units are the same 24-pound size, so stock rotates without sorting through mixed cylinders.",in_stock,,,https://home24care.com/products/full-pallet-40-x-24lb-r-404a-refrigerant-free-freight,,https://home24care.com/product-images/700bdcd2a992541a-feed.jpg,11196.00 USD,,,,,40 R404,Home24Care,"At igvagas, we provide premium R-404A Commercial Refrigerant solutions for HVAC, automotive, and commercial refrigeration systems. Our products are:",✓ Factory sealed and virgin,✓ Made in USA – Highest quality standards,✓ Certified and compliant with EPA regulations,,,,,,,,,new,no,,,,,,,,,40,no,24 lb,,,,,,,,,"Hardware > Heating, Ventilation & Air Conditioning",Refrigerants & Gases > Bulk & Pallet Orders,US:::0.00 USD,1400 lb,0,1,1,3
pallet-of-r134a-automotive-refrigerant-40-66354e34,"Full Pallet – 40 × 30lb R-134a Automotive Refrigerant, Free Freight","Forty 30-pound cylinders of R-134a make up this pallet, 1,200 pounds of automotive refrigerant in one shipment. The cylinders are virgin and factory sealed, produced in the USA and certified as compliant with EPA regulations.
At this volume the buyer is usually stocking rather than servicing, which means a distributor or a multi-bay shop working through R-134a across a season. The refrigerant is identical to the single 30-pound cylinder sold on its own, so a pallet order is a question of throughput and not of product grade.",in_stock,,,https://home24care.com/products/full-pallet-40-x-30lb-r-134a-automotive-refrigerant-free-freight,,https://home24care.com/product-images/a45ba826dff14d98-feed.jpg,12400.00 USD,,,,,pallet-of-r134a-automotive-refrigerant-40-x-30lb-cylinders-free-freight-12,Home24Care,"At igvagas, we provide premium R-134A Automotive Refrigerant solutions for HVAC, automotive, and commercial refrigeration systems. Our products are:",✓ Factory sealed and virgin,✓ Made in USA – Highest quality standards,✓ Certified and compliant with EPA regulations,,,,,,,,,new,no,,,,,,,,,40,no,30 lb,,,,,,,,,"Hardware > Heating, Ventilation & Air Conditioning",Refrigerants & Gases > Bulk & Pallet Orders,US:::0.00 USD,1600 lb,0,1,1,3
1 Pallet of 134a,"Full Pallet – 40 × 30lb R-134a Refrigerant, Automotive/HVAC Use","Automotive and HVAC service both pull from R-134a, and this pallet covers either at volume with forty cylinders of 30 pounds each. Each one is factory sealed with virgin refrigerant, made in the USA and certified as compliant with EPA regulations.
Ordering the pallet instead of individual cylinders changes the count and nothing else about the fill. At 1,200 pounds it is enough to carry a busy shop or a distributor's shelf through a season of charges, and smaller amounts of the same cylinder are listed here in ten-pack and twenty-pack quantities.",in_stock,,,https://home24care.com/products/full-pallet-40-x-30lb-r-134a-refrigerant-automotive-hvac-use,,https://home24care.com/product-images/181baa0f21a37650-feed.jpg,12400.00 USD,,,,,1 Pallet of 134a,Home24Care,"At igvagas, we provide premium R-134A Automotive Refrigerant solutions for HVAC, automotive, and commercial refrigeration systems. Our products are:",✓ Factory sealed and virgin,✓ Made in USA – Highest quality standards,✓ Certified and compliant with EPA regulations,,,,,,,,,new,no,,,,,,,,,40,no,30 lb,,,,,,,,,"Hardware > Heating, Ventilation & Air Conditioning",Refrigerants & Gases > Bulk & Pallet Orders,US:::0.00 USD,1600 lb,0,1,1,3
r22-full-pallet-40-cylinders-x-30lb-36,Full Pallet – 40 × 30lb R-22 Refrigerant,"R-22 by the pallet is forty 30-pound cylinders, or 1,200 pounds of legacy refrigerant. Each one is virgin, factory sealed, made in the USA and certified as compliant with EPA regulations.
Buying at this quantity fits a contractor holding maintenance work on installed R-22 systems, where securing supply matters more than the size of any single charge. Smaller amounts of the same cylinder are listed here as a quarter pallet and as single units, so the pallet is worth taking only when the throughput is there to match it.",in_stock,,,https://home24care.com/products/full-pallet-40-x-30lb-r-22-refrigerant,,https://home24care.com/product-images/4a750ffafcee71a8-feed.jpg,22400.00 USD,,,,,r22-full-pallet-40-cylinders-x-30lb-36,Home24Care,"At igvagas, we provide premium R-22 Legacy Refrigerant solutions for HVAC, automotive, and commercial refrigeration systems. Our products are:",✓ Factory sealed and virgin,✓ Made in USA – Highest quality standards,✓ Certified and compliant with EPA regulations,,,,,,,,,new,no,,,,,,,,,40,no,30 lb,,,,,,,,,"Hardware > Heating, Ventilation & Air Conditioning",Refrigerants & Gases > Bulk & Pallet Orders,US:::0.00 USD,1600 lb,0,1,1,3
20 Cyl 410,Half Pallet – 20 × 25lb R-410A Refrigerant,"Twenty cylinders of R-410A at 25 pounds each, a half pallet holding 500 pounds of refrigerant. R-410A is the HVAC grade of the group, and these cylinders are virgin, factory sealed, made in the USA and certified as compliant with EPA regulations.
A half pallet is the sensible order when a full one would sit too long, covering an install and service season without tying up the floor space or the cash a forty-cylinder pallet asks for. All twenty units are the same 25-pound size.",in_stock,,,https://home24care.com/products/half-pallet-20-x-25lb-r-410a-refrigerant,,https://home24care.com/product-images/ec5bfb57ac2a546a-feed.jpg,4180.00 USD,,,,,20 Cyl 410,Home24Care,"At igvagas, we provide premium R-410A HVAC Refrigerant solutions for HVAC, automotive, and commercial refrigeration systems. Our products are:",✓ Factory sealed and virgin,✓ Made in USA – Highest quality standards,✓ Certified and compliant with EPA regulations,,,,,,,,,new,no,,,,,,,,,20,no,25 lb,,,,,,,,,"Hardware > Heating, Ventilation & Air Conditioning",Refrigerants & Gases > Bulk & Pallet Orders,US:::0.00 USD,700 lb,0,1,1,3
2504769com,Henley Outdoor Cabin Sauna – 2-4 Person,"A cabin-style sauna for two to four people, with a sloped roofline and clean lines meant to sit naturally next to a deck, a garden or a patio. Inside, stacked two-tier benches let you move between heat levels mid-session.
The build is tongue-and-groove cedar with an 8mm tempered glass door and a powder-coated galvanized steel roof, put together to hold heat through every season. The PrairieFire 9kW electric heater reaches full temperature about 50% faster than a standard 6kW model.
Accessories come standard, so there is nothing else to buy: stones, a Wi-Fi control panel, a bucket and ladle, LED lighting and hooks. It arrives ready to assemble with step-by-step guidance in the BILT app, and a 5-year comprehensive warranty covers every component.",in_stock,,,https://home24care.com/products/henley-2-4-person-outdoor-cabin-sauna,,https://home24care.com/product-images/1b13b5ffeff2fe3f-feed.jpg,1599.60 USD,1399.60 USD,,,752113594760,2504769com,Backyard Discovery,"Cedar tongue-and-groove construction, 8mm tempered glass door, & powder-coated galvanized steel roof","Heater, stones, Wi-Fi control panel, bucket, ladle, LED lighting, and hooks included — nothing extra to buy",Ready-to-assemble components with step-by-step guidance through the BILT® app,"5-year comprehensive warranty covering every component, with support available 7 days per week",,https://home24care.com/product-images/6c1d22e42d6ee31a-feed.jpg,https://home24care.com/product-images/3b8ff0965d32d3f1-feed.jpg,https://home24care.com/product-images/0142e15a19f45dfa-feed.jpg,https://home24care.com/product-images/3546733b98afe250-feed.jpg,https://home24care.com/product-images/f4cc8eaf8f9d790c-feed.jpg,https://home24care.com/product-images/b3bc93d68dc2a7b9-feed.jpg,https://home24care.com/product-images/9b90923a4f72ef72-feed.jpg,new,no,,,,,,,,,,no,,,,,,,,,,Home & Garden > Pool & Spa > Saunas,Outdoor Living > Saunas,US:::0.00 USD,751.78 lb,0,1,1,3
2504776com,Henley Outdoor Cabin Sauna – 4-6 Person,"Room for four to six, which in practice means a group can share the heat or one person can stretch out full length. The benches are stacked in two tiers and the difference between them is the point: the upper bench runs hotter, the lower stays milder, so nobody has to settle on a single intensity.
Construction matches the smaller Henley. Tongue-and-groove cedar, an 8mm tempered glass door and a powder-coated galvanized steel roof under a sloped roofline, built to hold heat through every season.
The PrairieFire 9kW electric heater preheats about 50% faster than a standard 6kW model, and it ships with stones, a Wi-Fi control panel, a bucket, a ladle, LED lighting and hooks. Assembly follows the BILT app step by step, and a 5-year comprehensive warranty covers every component.",in_stock,,,https://home24care.com/products/henley-4-6-person-outdoor-cabin-sauna,,https://home24care.com/product-images/20a40c182f1fb4d6-feed.jpg,1999.60 USD,1799.60 USD,,,752113594777,2504776com,Backyard Discovery,"Cedar tongue-and-groove construction, 8mm tempered glass door, & powder-coated galvanized steel roof","Heater, stones, Wi-Fi control panel, bucket, ladle, LED lighting, and hooks included — nothing extra to buy",Ready-to-assemble components with step-by-step guidance through the BILT® app,"5-year comprehensive warranty covering every component, with support available 7 days per week",,https://home24care.com/product-images/09ddb4d09a7fcb2c-feed.jpg,https://home24care.com/product-images/a10b07582d30c30e-feed.jpg,https://home24care.com/product-images/0142e15a19f45dfa-feed.jpg,https://home24care.com/product-images/3319b1c2a4ac37af-feed.jpg,https://home24care.com/product-images/4bc0d123e1df388a-feed.jpg,https://home24care.com/product-images/b3bc93d68dc2a7b9-feed.jpg,https://home24care.com/product-images/39ef33bac6dae873-feed.jpg,new,no,,,,,,,,,,no,,,,,,,,,,Home & Garden > Pool & Spa > Saunas,Outdoor Living > Saunas,US:::0.00 USD,897.29 lb,0,1,1,3
honey-well-r1234yf-refrigerant-4-cases-16-cans-29,"Honeywell R-1234yf Refrigerant – 16 Cans (8oz Each), Genuine – Made in USA","Sixteen 8-ounce cans of genuine Honeywell R-1234yf, made in the USA and sold as a single case. The cans arrive factory sealed and virgin, and the refrigerant is certified as compliant with EPA regulations.
R-1234yf is the eco-friendly refrigerant used in automotive air conditioning as well as in HVAC and commercial refrigeration systems, and this is professional-grade material for that work. Buying it as a case of sixteen keeps the same certified refrigerant on hand across more than one job.",in_stock,,,https://home24care.com/products/honeywell-r-1234yf-refrigerant-16-cans-8oz-each-genuine-made-in-usa,,https://home24care.com/product-images/8d345e6fd7114991-feed.jpg,359.00 USD,,,,,honey-well-r1234yf-refrigerant-4-cases-16-cans-29,Honeywell,"At igvagas, we provide premium R-1234YF Eco-Friendly Refrigerant solutions for HVAC, automotive, and commercial refrigeration systems. Our products ar",✓ Factory sealed and virgin,✓ Made in USA – Highest quality standards,✓ Certified and compliant with EPA regulations,,,,,,,,,new,no,,,,,,,,,16,no,,,,,,,,,,"Hardware > Heating, Ventilation & Air Conditioning",Refrigerants & Gases > Specialty Refrigerants,US:::0.00 USD,,0,1,1,3
3-1234yf with gauage,Honeywell R-1234yf Refrigerant – 3 Cans (8oz Each) with HD Brass Can Tap – Made in USA,"Three 8-ounce cans of Honeywell R-1234yf with a heavy-duty brass can tap included, all of it made in the USA. The refrigerant is factory sealed and certified as compliant with EPA regulations.
The tap is what makes the set usable without buying hardware separately, and it stays on the bench after the three cans are gone. Three cans is the smallest of the tap-included Honeywell packs here, which points it at one vehicle rather than at a run of them. Larger counts of the same 8-ounce can are listed separately.",in_stock,,,https://home24care.com/products/honeywell-r-1234yf-refrigerant-3-cans-8oz-each-with-hd-brass-can-tap-made-in-usa,,https://home24care.com/product-images/f7f7ac5eb165b17c-feed.jpg,88.00 USD,,,,,3-1234yf with gauage,Honeywell,"At igvagas, we provide premium R-1234YF Eco-Friendly Refrigerant solutions for HVAC, automotive, and commercial refrigeration systems. Our products ar",✓ Factory sealed and virgin,✓ Made in USA – Highest quality standards,✓ Certified and compliant with EPA regulations,,,,,,,,,new,no,,,,,,,,,,yes,,,,,,,,,,"Hardware > Heating, Ventilation & Air Conditioning",Refrigerants & Gases > Specialty Refrigerants,US:::0.00 USD,3 lb,0,1,1,3
1234yf 1 BOX,Honeywell R-1234yf Refrigerant – 4 Cans (8oz Each) with HD Brass Can Tap – Made in USA,"Four 8-ounce cans of Honeywell R-1234yf ship with a heavy-duty brass can tap, everything made in the USA. The cans are factory sealed and the refrigerant is certified as compliant with EPA regulations.
Thirty-two ounces gives more room than the three-can set for a job that runs long, and the tap carries over to any cans bought later. R-1234yf here is Honeywell's own product in Honeywell cans, stocked for the automotive air conditioning work this refrigerant is used in.",in_stock,,,https://home24care.com/products/honeywell-r-1234yf-refrigerant-4-cans-8oz-each-with-hd-brass-can-tap-made-in-usa,,https://home24care.com/product-images/8d01a6029f2ce101-feed.jpg,87.00 USD,,,,,1234yf 1 BOX,Honeywell,"At igvagas, we provide premium R-1234YF Eco-Friendly Refrigerant solutions for HVAC, automotive, and commercial refrigeration systems. Our products ar",✓ Factory sealed and virgin,✓ Made in USA – Highest quality standards,✓ Certified and compliant with EPA regulations,,,,,,,,,new,no,,,,,,,,,,yes,,,,,,,,,,"Hardware > Heating, Ventilation & Air Conditioning",Refrigerants & Gases > Specialty Refrigerants,US:::0.00 USD,4 lb,0,1,1,3
4 yf w/ gauge,Honeywell R-1234yf Refrigerant – 4-Pack (8oz Cans) with HD Brass Can Tap – Made in USA,"Sold as a four-pack, this listing puts 8-ounce cans of Honeywell R-1234yf and a heavy-duty brass can tap in the same box. Manufactured in the USA, factory sealed, and certified as compliant with EPA regulations.
The tap is heavy-duty brass and it stays useful after the four cans are used up. Buying refrigerant and tap together avoids the situation where cans arrive and nothing on the shelf will connect to them. For repeat work, the eight-can and sixteen-can Honeywell listings cover the refrigerant on its own.",in_stock,,,https://home24care.com/products/honeywell-r-1234yf-refrigerant-4-pack-8oz-cans-with-hd-brass-can-tap-made-in-usa,,https://home24care.com/product-images/fcf29ff097d22561-feed.jpg,115.00 USD,,,,,4 yf w/ gauge,Honeywell,"At igvagas, we provide premium R-1234YF Eco-Friendly Refrigerant solutions for HVAC, automotive, and commercial refrigeration systems. Our products ar",✓ Factory sealed and virgin,✓ Made in USA – Highest quality standards,✓ Certified and compliant with EPA regulations,,,,,,,,,new,no,,,,,,,,,,yes,,,,,,,,,,"Hardware > Heating, Ventilation & Air Conditioning",Refrigerants & Gases > Specialty Refrigerants,US:::0.00 USD,4 lb,0,1,1,3
yf 8 cans,"Honeywell R-1234yf Refrigerant – 8 Cans (8oz Each), Genuine – Made in USA","Eight 8-ounce cans of genuine Honeywell R-1234yf, made in the USA and factory sealed, certified as compliant with EPA regulations. Four pounds of refrigerant in the box.
Eight cans lands between the small tap-included packs and the sixteen-can case, a restock quantity for a shop that already owns a can tap. The cans are listed as genuine Honeywell, which is the point of the title, and the refrigerant is stocked for the automotive side of the catalog.",in_stock,,,https://home24care.com/products/honeywell-r-1234yf-refrigerant-8-cans-8oz-each-genuine-made-in-usa,,https://home24care.com/product-images/adc39e3f600a6587-feed.jpg,179.00 USD,,,,,yf 8 cans,Honeywell,"At igvagas, we provide premium R-1234YF Eco-Friendly Refrigerant solutions for HVAC, automotive, and commercial refrigeration systems. Our products ar",✓ Factory sealed and virgin,✓ Made in USA – Highest quality standards,✓ Certified and compliant with EPA regulations,,,,,,,,,new,no,,,,,,,,,8,no,,,,,,,,,,"Hardware > Heating, Ventilation & Air Conditioning",Refrigerants & Gases > Specialty Refrigerants,US:::0.00 USD,7 lb,0,1,1,3
1234yf-8oz-can-49,"Honeywell R-1234yf Refrigerant – 8oz Self-Sealing Can, MVAC Use – Made in USA","One 8-ounce self-sealing can of Honeywell R-1234yf for motor vehicle air conditioning, made in the USA. The can is factory sealed and the refrigerant is certified as compliant with EPA regulations.
This is the smallest R-1234yf quantity listed on the site. The self-sealing valve closes when the can comes off the hose, so a can that is not emptied in one sitting can be set aside. No tap comes with a single can; the three-can and four-can Honeywell packs are where the heavy-duty brass tap is included.",in_stock,,,https://home24care.com/products/honeywell-r-1234yf-refrigerant-8oz-self-sealing-can-mvac-use-made-in-usa,,https://home24care.com/product-images/f9237234338802c1-feed.jpg,47.00 USD,,,,,1234yf-8oz-can-49,Honeywell,"At igvagas, we provide premium R-1234YF Eco-Friendly Refrigerant solutions for HVAC, automotive, and commercial refrigeration systems. Our products ar",✓ Factory sealed and virgin,✓ Made in USA – Highest quality standards,✓ Certified and compliant with EPA regulations,,,,,,,,,new,no,,,,,,,,,,no,8 oz,,,,,,,,,"Hardware > Heating, Ventilation & Air Conditioning",Refrigerants & Gases > Specialty Refrigerants,US:::0.00 USD,0.75 lb,0,1,1,3
2600089com,Knox Indoor Infrared Sauna – 2 Person,"Eight low-EMF far infrared carbon panels line this two-person cabin and reach your ideal temperature 20% faster, delivering full-body coverage whether you stretch out alone or sit side by side on the bench. It runs on a standard 120V outlet, so no electrician has to visit before the first session.
The cedar panels are 33% thicker with double-wall construction, and the tinted 8mm tempered glass door holds heat in while giving you real privacy in a shared room or an open floor plan. Red light therapy, chromotherapy, Bluetooth speakers, and the control panel are all standard rather than upgrades.
Panels arrive pre-built, pre-drilled, pre-stained, and pre-wired for assembly. A 5-year comprehensive warranty covers every component, with support available seven days a week.",in_stock,,,https://home24care.com/products/knox-2-person-indoor-infrared-sauna,,https://home24care.com/product-images/0d516549f06a8e4b-feed.jpg,919.60 USD,799.60 USD,,,752113690080,2600089com,Backyard Discovery,33% thicker cedar panels with double-wall construction and 8mm tempered glass door,"Red light therapy, chromotherapy, Bluetooth speakers, and controls all included","5-year comprehensive warranty covering every component, with support available 7 days per week","Ready to assemble with pre-built, pre-drilled, pre-stained, and pre-wired panels",,https://home24care.com/product-images/7cb139c2210b9148-feed.jpg,https://home24care.com/product-images/5b86058f97e750dc-feed.jpg,https://home24care.com/product-images/a896df546d3ae353-feed.jpg,https://home24care.com/product-images/503a1e25acd03032-feed.jpg,https://home24care.com/product-images/9f7b6b421150324f-feed.jpg,https://home24care.com/product-images/aa1e04e21815205d-feed.jpg,https://home24care.com/product-images/161ff0c3d9ea6d95-feed.jpg,new,no,,,,,,,,,,no,,,,,,,,,,Home & Garden > Pool & Spa > Saunas,Outdoor Living > Saunas,US:::0.00 USD,386.72 lb,0,1,1,3
2001022com,Lakewood Swing Set,"Backyard Discovery designed the Lakewood for yards that cannot take a sprawling playset. An elevated clubhouse with a colorful canopy roof and a window sits above a lower playhouse, and that ground floor has a full front door, a snack bar window, and built-in bench seating, which is enough to turn it into a cafe for whatever game is running that afternoon.
A wide rung flat step ladder makes the climb manageable for a range of ages, and the 8-foot wave slide handles the trip back down. Two classic belt swings and a trapeze bar let several kids swing at once, and the canopy adds shade without blocking your view of them.
The frame is cedar, which resists decay on its own outdoors. Assembly is guided step by step in the BILT app, and the set carries a 5-year warranty.",in_stock,,,https://home24care.com/products/lakewood-wooden-swing-set,,https://home24care.com/product-images/c842a7dbf7498879-feed.jpg,359.60 USD,319.60 USD,,,752113091023,2001022com,Backyard Discovery,"Lower Playhouse: Includes a full front door and windows, creating a inviting play space to inspire creativity",Industry-Leading Warranty: 5-year warranty for added peace of mind,"Built-In Picnic Area: Snack bar window with attached bench seating transforms into mini café, perfect for snack time or fun restaurant games",Versatile Swinging Fun: 2 classic belt swings and 1 trapeze allow multiple kids to swing at once,,https://home24care.com/product-images/1fe9a398ea1e5428-feed.jpg,https://home24care.com/product-images/2059e73f769010dd-feed.jpg,https://home24care.com/product-images/89128d333bbb5bfe-feed.jpg,https://home24care.com/product-images/6beeb9a694155737-feed.jpg,https://home24care.com/product-images/1a901d5e3d5245f5-feed.jpg,https://home24care.com/product-images/755923a59fd60735-feed.jpg,https://home24care.com/product-images/8f812a4d4b1f0101-feed.jpg,new,no,,,,,,,,,,no,,,,,,,,,,Toys & Games > Outdoor Play Equipment > Swing Sets & Playsets,Outdoor Living > Swing Sets,US:::0.00 USD,125.66 lb,0,1,1,3
2504653com,Lennon Outdoor Cube Sauna – 2-4 Person,"The Lennon is a cube sauna with clean lines and rounded corners, sized for two to four people, with an L-shaped bench that makes the seating comfortable without enlarging the footprint. The compact shape suits patios and smaller yards, and the contemporary styling sits well next to modern outdoor spaces.
Tongue-and-groove cedar, an 8mm tempered glass door, and a powder-coated galvanized steel roof keep the heat in and the weather out. The PrairieFire 9kW electric heater preheats 50% faster than standard 6kW models, and the sauna can be run dry or with steam.
The heater, stones, Wi-Fi control panel, bucket, ladle, LED lighting, and hooks are all in the box. Components are ready to assemble with step-by-step guidance in the BILT app, and a 5-year comprehensive warranty covers every component, with support seven days a week.",in_stock,,,https://home24care.com/products/lennon-2-4-person-outdoor-cube-sauna,,https://home24care.com/product-images/d2745db06bf7edfd-feed.jpg,1399.60 USD,1239.60 USD,,,752113594654,2504653com,Backyard Discovery,"Cedar tongue-and-groove construction, 8mm tempered glass door, & powder-coated galvanized steel roof","Heater, stones, Wi-Fi control panel, bucket, ladle, LED lighting, and hooks included — nothing extra to buy",Ready-to-assemble components with step-by-step guidance through the BILT® app,"5-year comprehensive warranty covering every component, with support available 7 days per week",,https://home24care.com/product-images/397b051d7fc1caa1-feed.jpg,https://home24care.com/product-images/f439eebac9509785-feed.jpg,https://home24care.com/product-images/0142e15a19f45dfa-feed.jpg,https://home24care.com/product-images/544fb102a0910ba6-feed.jpg,https://home24care.com/product-images/e87799df676fbec2-feed.jpg,https://home24care.com/product-images/28409e84e136972c-feed.jpg,https://home24care.com/product-images/0d7226ba483d54df-feed.jpg,new,no,,,,,,,,,,no,,,,,,,,,,Home & Garden > Pool & Spa > Saunas,Outdoor Living > Saunas,US:::0.00 USD,643.75 lb,0,1,1,3
2504677com,Lennon Outdoor Cube Sauna – 4-6 Person,"Stacked two-tier benches give this Lennon Cube Sauna room for up to six people and let each person pick a heat intensity by choosing a level. The cabin is tongue-and-groove cedar with an 8mm tempered glass door and a powder-coated galvanized steel roof, a combination meant to hold heat in and keep weather out. Heat comes from a PrairieFire 9kW electric heater, which Backyard Discovery rates at preheating 50% faster than a standard 6kW model. Stones, a Wi-Fi control panel, bucket, ladle, LED lighting and hooks all ship in the box, so it can run as a dry sauna or a steam sauna from the first session with nothing extra to buy.
Components arrive ready to assemble with step-by-step guidance through the BILT app. Every component is covered by a 5-year warranty, with support available seven days a week.",in_stock,,,https://home24care.com/products/lennon-4-6-person-outdoor-cube-sauna,,https://home24care.com/product-images/ec9576aadf61f1e6-feed.jpg,1799.60 USD,1599.60 USD,,,752113594678,2504677com,Backyard Discovery,"Cedar tongue-and-groove construction, 8mm tempered glass door, & powder-coated galvanized steel roof","Heater, stones, Wi-Fi control panel, bucket, ladle, LED lighting, and hooks included — nothing extra to buy",Ready-to-assemble components with step-by-step guidance through the BILT® app,"5-year comprehensive warranty covering every component, with support available 7 days per week",,https://home24care.com/product-images/b39ee2832648f6b6-feed.jpg,https://home24care.com/product-images/2ae20e819dac0905-feed.jpg,https://home24care.com/product-images/ba2891e2f0056161-feed.jpg,https://home24care.com/product-images/0142e15a19f45dfa-feed.jpg,https://home24care.com/product-images/544fb102a0910ba6-feed.jpg,https://home24care.com/product-images/e87799df676fbec2-feed.jpg,https://home24care.com/product-images/28409e84e136972c-feed.jpg,new,no,,,,,,,,,,no,,,,,,,,,,Home & Garden > Pool & Spa > Saunas,Outdoor Living > Saunas,US:::0.00 USD,776.03 lb,0,1,1,3
2504684com,Lennon Outdoor Cube Sauna with Porch – 4-6 Person,"This is the largest Lennon Cube Sauna, with stacked two-tier benches inside for four to six people and a covered porch with built-in seating outside. The upper bench runs hotter and the lower one stays milder, so people sharing a session can sit at the level that suits them. Construction is tongue-and-groove cedar with an 8mm tempered glass door and a powder-coated galvanized steel roof.
A PrairieFire 9kW electric heater does the work and preheats 50% faster than standard 6kW models. Stones, a Wi-Fi control panel, bucket, ladle, LED lighting and hooks are all included, so you can run it dry or pour water for steam right away. It ships ready to assemble with step-by-step BILT app guidance, and every component carries a 5-year warranty with support seven days a week.",in_stock,,,https://home24care.com/products/lennon-4-6-person-outdoor-cube-sauna-with-vestibule,,https://home24care.com/product-images/0ee7f85c426b959c-feed.jpg,1999.60 USD,1799.60 USD,,,752113594685,2504684com,Backyard Discovery,PrairieFire™ 9kW electric sauna heater preheats 50% faster than standard 6kW models,"Cedar tongue-and-groove construction, 8mm tempered glass door, & powder-coated galvanized steel roof","Heater, stones, Wi-Fi control panel, bucket, ladle, LED lighting, and hooks included — nothing extra to buy",Ready-to-assemble components with step-by-step guidance through the BILT® app,,https://home24care.com/product-images/ec559d45118e2bd5-feed.jpg,https://home24care.com/product-images/93443ef7ca7befa5-feed.jpg,https://home24care.com/product-images/0142e15a19f45dfa-feed.jpg,https://home24care.com/product-images/62714de4fb43e927-feed.jpg,https://home24care.com/product-images/a21f1fffaefb71c8-feed.jpg,https://home24care.com/product-images/28409e84e136972c-feed.jpg,https://home24care.com/product-images/6da36853f27be293-feed.jpg,new,no,,,,,,,,,,no,,,,,,,,,,Home & Garden > Pool & Spa > Saunas,Outdoor Living > Saunas,US:::0.00 USD,934.77 lb,0,1,1,3
1606036Bcom,Malibu Swing Set,"The Malibu is two play structures joined together. An elevated clubhouse with expansive windows and a wooden peak roof sits at one end, a raised playhouse with saloon-style doors and a play kitchen at the other, and a wrap-around porch with a wooden staircase runs between them. Each has its own kid-friendly step ladder, so children can get into either one without going through the other.
The play kitchen inside the playhouse has a toy stovetop and sink. A 10-foot wave slide drops back to the ground, and the beam holds two belt swings and a trapeze, so several kids can swing at once. Two shaded sandbox areas sit below the decks, with sand not included. Backyard Discovery covers the set with a 5-year warranty.",in_stock,,,https://home24care.com/products/malibu-wooden-swing-set,,https://home24care.com/product-images/9074e6b1ec7f6177-feed.jpg,919.60 USD,,,,752113696037,1606036Bcom,Backyard Discovery,Industry-Leading Warranty: 5-year warranty for added peace of mind,"Wooden Staircase: Stairway creates an adventurous pathway between the two play zones, connecting the clubhouse and playhouse for endless adventures",Versatile Swinging Fun: 2 classic belt swings and 1 trapeze allow multiple kids to swing at once,"Speedy Wave Slide: 10-foot wave slide offers swift, safe descents for endless fun every time",,https://home24care.com/product-images/2cff84493f277829-feed.jpg,https://home24care.com/product-images/62f773090c1fdbe6-feed.jpg,https://home24care.com/product-images/e73b90d409499a34-feed.jpg,https://home24care.com/product-images/e6a8321094cd7319-feed.jpg,https://home24care.com/product-images/d888a34a76c751bc-feed.jpg,https://home24care.com/product-images/f65845edd423dc33-feed.jpg,https://home24care.com/product-images/aa9e0b9258cebef6-feed.jpg,new,no,,,,,,,,,,no,,,,,,,,,,Toys & Games > Outdoor Play Equipment > Swing Sets & Playsets,Outdoor Living > Swing Sets,US:::0.00 USD,726 lb,0,1,1,3
1705012com,Mount McKinley Swing Set,"The rock wall on the Mount McKinley is extra wide, with 9 holds and a rope assist, so two kids can climb to the deck at the same time instead of queuing. A rope ladder over 6 feet tall with wooden rungs gives a harder route up, and a flat step ladder gives an easier one for younger children.
The play deck sits under a brightly colored canopy roof and comes with a steering wheel and a toy telescope, and it stays open enough that you can see what is happening from across the yard. An 8-foot wave slide handles the way down, and the beam carries two belt swings and a trapeze. The shaded area below the deck takes sand, which is not included. It ships ready to assemble with guided BILT app instructions and a 5-year warranty.",in_stock,,,https://home24care.com/products/mount-mckinley,,https://home24care.com/product-images/b4cfd23c6aff088a-feed.jpg,399.60 USD,,,,752113705012,1705012com,Backyard Discovery,Lower Play Space: Shaded sandbox area to inspire creative sensory play (sand not included),Industry-Leading Warranty: 5-year warranty for added peace of mind,Versatile Swinging Fun: 2 classic belt swings and 1 trapeze allow multiple kids to swing at once,"Speedy Wave Slide: 8-foot wave slide offers swift, safe descents for endless fun every time",,https://home24care.com/product-images/d72180aa456b1c55-feed.jpg,https://home24care.com/product-images/22329ba93a0876e3-feed.jpg,https://home24care.com/product-images/f4e0d1da7116fc61-feed.jpg,https://home24care.com/product-images/483129cc8648ef43-feed.jpg,https://home24care.com/product-images/79f4c0c1edba0e6e-feed.jpg,https://home24care.com/product-images/e39f5a2bf08ab561-feed.jpg,https://home24care.com/product-images/769dde8e5bf3afcf-feed.jpg,new,no,,,,,,,,,,no,,,,,,,,,,Toys & Games > Outdoor Play Equipment > Swing Sets & Playsets,Outdoor Living > Swing Sets,US:::0.00 USD,328 lb,0,1,1,3
2504394com,Paxton Outdoor Barrel Sauna – 2-4 Person,"Two linear benches face each other inside this 2-4 person barrel, the classic Finnish arrangement that lets a pair sit across from one another or one person lie down full length. The curved cedar wall gives it the barrel silhouette, built in tongue-and-groove cedar with an 8mm tempered glass door and a powder-coated galvanized steel roof over the top.
Heat comes from Backyard Discovery's PrairieFire™ 9kW electric heater, which preheats about 50% faster than a standard 6kW unit. The sauna arrives with the heater, stones, Wi-Fi control panel, bucket, ladle, LED lighting, and hooks, so nothing else has to be ordered before the first session. Components are ready to assemble with step-by-step guidance in the BILT® app, and every component carries a 5-year warranty with support available seven days a week.",in_stock,,,https://home24care.com/products/paxton-2-4-person-outdoor-barrel-sauna,,https://home24care.com/product-images/40490e9628f57ae3-feed.jpg,1399.60 USD,1239.60 USD,,,752113594395,2504394com,Backyard Discovery,"Cedar tongue-and-groove construction, 8mm tempered glass door, & powder-coated galvanized steel roof","Heater, stones, Wi-Fi control panel, bucket, ladle, LED lighting, and hooks included — nothing extra to buy",Ready-to-assemble components with step-by-step guidance through the BILT® app,"5-year comprehensive warranty covering every component, with support available 7 days per week",,https://home24care.com/product-images/a3574b3b73342f55-feed.jpg,https://home24care.com/product-images/bb67694f30e8fab8-feed.jpg,https://home24care.com/product-images/bacb32f761106928-feed.jpg,https://home24care.com/product-images/cb34e2712b832a5a-feed.jpg,https://home24care.com/product-images/19e695ac3dd8a2ca-feed.jpg,https://home24care.com/product-images/e1580fee05b06f43-feed.jpg,https://home24care.com/product-images/1b32f17aa341cb50-feed.jpg,new,no,,,,,,,,,,no,,,,,,,,,,Home & Garden > Pool & Spa > Saunas,Outdoor Living > Saunas,US:::0.00 USD,806.19 lb,0,1,1,3
2504424com,Paxton Outdoor Barrel Sauna – 4-6 Person,"This is the larger of the two Paxton barrels, with linear benches running the full length of the cylinder on both sides. Six people can sit at the same heat level, or one person can recline completely on a bench. Construction is tongue-and-groove cedar with an 8mm tempered glass door and a powder-coated galvanized steel roof.
The PrairieFire™ 9kW electric heater reaches temperature roughly 50% faster than a standard 6kW model, which matters more on a cabin this size. Heater, stones, Wi-Fi control panel, bucket, ladle, LED lighting, and hooks are all included. Assembly is guided step by step through the BILT® app, and Backyard Discovery covers every component for five years with support available seven days a week.",in_stock,,,https://home24care.com/products/paxton-4-6-person-outdoor-barrel-sauna,,https://home24care.com/product-images/d109b695fbb6ae5b-feed.jpg,1799.60 USD,1599.60 USD,,,752113594425,2504424com,Backyard Discovery,"Cedar tongue-and-groove construction, 8mm tempered glass door, & powder-coated galvanized steel roof","Heater, stones, Wi-Fi control panel, bucket, ladle, LED lighting, and hooks included — nothing extra to buy",Ready-to-assemble components with step-by-step guidance through the BILT® app,"5-year comprehensive warranty covering every component, with support available 7 days per week",,https://home24care.com/product-images/eb36329ff5e6906f-feed.jpg,https://home24care.com/product-images/cd590e9565316583-feed.jpg,https://home24care.com/product-images/0142e15a19f45dfa-feed.jpg,https://home24care.com/product-images/4cc6ca71873333ec-feed.jpg,https://home24care.com/product-images/bf18b891baf00536-feed.jpg,https://home24care.com/product-images/6e476721c0e35c26-feed.jpg,https://home24care.com/product-images/f487cc69a8195170-feed.jpg,new,no,,,,,,,,,,no,,,,,,,,,,Home & Garden > Pool & Spa > Saunas,Outdoor Living > Saunas,US:::0.00 USD,857.6 lb,0,1,1,3
2504400com,Paxton Outdoor Barrel Sauna with Porch – 2-4 Person,"A covered porch sits at the front of this 2-4 person barrel sauna, with built-in seating for cooling down between rounds and somewhere to leave towels and gear. Inside, two linear benches run along the curved cedar wall in the traditional layout, seating a pair across from one another or one person lying flat.
The cabin is tongue-and-groove cedar with an 8mm tempered glass door and a powder-coated galvanized steel roof. A PrairieFire™ 9kW electric heater brings it up to temperature roughly 50% faster than a standard 6kW heater. Heater, stones, Wi-Fi control panel, bucket, ladle, LED lighting, and hooks are included. The kit is ready to assemble with step-by-step guidance in the BILT® app, and every component is warrantied for five years with support seven days a week.",in_stock,,,https://home24care.com/products/paxton-2-4-person-outdoor-barrel-sauna-with-vestibule,,https://home24care.com/product-images/c817ba1b079fbc06-feed.jpg,1599.60 USD,1439.60 USD,,,752113594401,2504400com,Backyard Discovery,PrairieFire™ 9kW electric sauna heater preheats 50% faster than standard 6kW models,"Cedar tongue-and-groove construction, 8mm tempered glass door, & powder-coated galvanized steel roof","Heater, stones, Wi-Fi control panel, bucket, ladle, LED lighting, and hooks included — nothing extra to buy",Ready-to-assemble components with step-by-step guidance through the BILT® app,,https://home24care.com/product-images/a5b7d692000caa46-feed.jpg,https://home24care.com/product-images/2d9f5155fc4ca5b5-feed.jpg,https://home24care.com/product-images/0142e15a19f45dfa-feed.jpg,https://home24care.com/product-images/91bb52a8d1e30c88-feed.jpg,https://home24care.com/product-images/b612049378ea2665-feed.jpg,https://home24care.com/product-images/6e476721c0e35c26-feed.jpg,https://home24care.com/product-images/eb074eda78972c72-feed.jpg,new,no,,,,,,,,,,no,,,,,,,,,,Home & Garden > Pool & Spa > Saunas,Outdoor Living > Saunas,US:::0.00 USD,857.6 lb,0,1,1,3
2504448com,Paxton Outdoor Barrel Sauna with Porch – 4-6 Person,"The largest sauna in the Paxton line puts a covered porch on the front of the biggest barrel. Two full-length linear benches inside seat up to six at the same heat level, and the porch seating gives the group a spot to rest between rounds and stow their gear.
Cedar tongue-and-groove walls, an 8mm tempered glass door, and a powder-coated galvanized steel roof make up the shell. The PrairieFire™ 9kW electric heater preheats around 50% faster than a standard 6kW model, and the heater, stones, Wi-Fi control panel, bucket, ladle, LED lighting, and hooks all come with it. Assembly follows the BILT® app step by step, and every component is covered by a 5-year warranty backed by support seven days a week.",in_stock,,,https://home24care.com/products/paxton-4-6-person-outdoor-barrel-sauna-with-vestibule,,https://home24care.com/product-images/3c6d50eb4a68bf16-feed.jpg,1999.60 USD,1799.60 USD,,,752113594449,2504448com,Backyard Discovery,PrairieFire™ 9kW electric sauna heater preheats 50% faster than standard 6kW models,"Cedar tongue-and-groove construction, 8mm tempered glass door, & powder-coated galvanized steel roof","Heater, stones, Wi-Fi control panel, bucket, ladle, LED lighting, and hooks included — nothing extra to buy",Ready-to-assemble components with step-by-step guidance through the BILT® app,,https://home24care.com/product-images/6ecfa33789d3e0a5-feed.jpg,https://home24care.com/product-images/904b013574f5f922-feed.jpg,https://home24care.com/product-images/0142e15a19f45dfa-feed.jpg,https://home24care.com/product-images/91bb52a8d1e30c88-feed.jpg,https://home24care.com/product-images/2b29f39b4186ae7d-feed.jpg,https://home24care.com/product-images/6e476721c0e35c26-feed.jpg,https://home24care.com/product-images/f487cc69a8195170-feed.jpg,new,no,,,,,,,,,,no,,,,,,,,,,Home & Garden > Pool & Spa > Saunas,Outdoor Living > Saunas,US:::0.00 USD,873.04 lb,0,1,1,3
r-22-30-lbs-refrigerant-quarter-pallet-10-a2d03463,Quarter Pallet – 10 × 30lb R-22 Refrigerant,"A quarter pallet of R-22 comes to ten 30-pound cylinders, 300 pounds arriving in one delivery. All of it is virgin refrigerant in factory-sealed cylinders, made in the USA and certified as compliant with EPA regulations.
Quarter-pallet quantity fits the contractor who services enough R-22 equipment to justify stocking it but not enough to take forty cylinders at once. The same cylinder is listed here on its own and as a full pallet if this count lands wrong in either direction, and the refrigerant inside is identical in all three.",in_stock,,,https://home24care.com/products/quarter-pallet-10-x-30lb-r-22-refrigerant,,https://home24care.com/product-images/3d5e7e4032e48e4d-feed.jpg,11600.00 USD,,,,,r-22-30-lbs-refrigerant-quarter-pallet-10-cylinders-35,Home24Care,"At igvagas, we provide premium R-22 Legacy Refrigerant solutions for HVAC, automotive, and commercial refrigeration systems. Our products are:",✓ Factory sealed and virgin,✓ Made in USA – Highest quality standards,✓ Certified and compliant with EPA regulations,,,,,,,,,new,no,,,,,,,,,10,no,30 lb,,,,,,,,,"Hardware > Heating, Ventilation & Air Conditioning",Refrigerants & Gases > Bulk & Pallet Orders,US:::0.00 USD,450 lb,0,1,1,3
3 cans 134a,"R-134a Refrigerant – 3-Pack (12oz Self-Sealing Cans) with Gauge, MVAC Use","Three 12-ounce self-sealing cans of R-134a with a gauge included, sold for motor vehicle air conditioning work. The refrigerant is virgin and factory sealed, made in the USA and certified as compliant with EPA regulations.
The gauge is the difference between this set and the plain three-can version, since it reads pressure while you charge instead of leaving it to guesswork. Thirty-six ounces across the three cans, each with a self-sealing valve that closes when the can is taken off.",in_stock,,,https://home24care.com/products/r-134a-refrigerant-3-pack-12oz-self-sealing-cans-with-gauge-mvac-use,,https://home24care.com/product-images/238f94e851254e5d-feed.jpg,35.00 USD,,,,,3 cans 134a,Home24Care,"At igvagas, we provide premium R-134A Automotive Refrigerant solutions for HVAC, automotive, and commercial refrigeration systems. Our products are:",✓ Factory sealed and virgin,✓ Made in USA – Highest quality standards,✓ Certified and compliant with EPA regulations,,,,,,,,,new,no,,,,,,,,,,yes,,,,,,,,,,"Hardware > Heating, Ventilation & Air Conditioning",Refrigerants & Gases > Legacy Refrigerants,US:::0.00 USD,3 lb,0,1,1,3
134-3 cans &#038; gauage,"R-134a Refrigerant – 3-Pack (12oz Self-Sealing Cans), MVAC Use","Sold as a three-can set for motor vehicle air conditioning, with each 12-ounce can of R-134a fitted with a self-sealing valve. The refrigerant is virgin and factory sealed, made in the USA and certified as compliant with EPA regulations.
No gauge comes with this version, which makes it the one to buy if manifold gauges are already on the bench. The self-sealing valves let a partly used can be taken off and kept, and 36 ounces total is a car-sized amount rather than a shop-sized one.",in_stock,,,https://home24care.com/products/r-134a-refrigerant-3-pack-12oz-self-sealing-cans-mvac-use,,https://home24care.com/product-images/01715aef34cb3d9c-feed.jpg,49.00 USD,,,,,134-3 cans &#038; gauage,Home24Care,"At igvagas, we provide premium R-134A Automotive Refrigerant solutions for HVAC, automotive, and commercial refrigeration systems. Our products are:",✓ Factory sealed and virgin,✓ Made in USA – Highest quality standards,✓ Certified and compliant with EPA regulations,,,,,,,,,new,no,,,,,,,,,3,no,,,,,,,,,,"Hardware > Heating, Ventilation & Air Conditioning",Refrigerants & Gases > Legacy Refrigerants,US:::0.00 USD,4 lb,0,1,1,3
r32 22oz,R-32 Refrigerant Can – 22oz (1.4lb),"R-32 in a 22-ounce can, which is 1.4 pounds of virgin refrigerant behind a factory seal. The can format suits top-offs and small charges rather than the kind of volume that justifies opening a cylinder, and the seal stays intact until a technician breaks it on site.
It is made in the USA and listed as compliant with EPA regulations. Home24Care files this one under specialty refrigerants and sells it for professional and commercial use, so charging belongs with a technician qualified for the equipment it goes into.",in_stock,,,https://home24care.com/products/r-32-refrigerant-can-22oz-1-4lb,,https://home24care.com/product-images/cd36b626ea9319a9-feed.jpg,45.00 USD,,,,,r32 22oz,Home24Care,"At igvagas, we provide premium Premium Refrigerant solutions for HVAC, automotive, and commercial refrigeration systems. Our products are:",✓ Factory sealed and virgin,✓ Made in USA – Highest quality standards,✓ Certified and compliant with EPA regulations,,,,,,,,,new,no,,,,,,,,,,no,22 oz,,,,,,,,,"Hardware > Heating, Ventilation & Air Conditioning",Refrigerants & Gases > Specialty Refrigerants,US:::0.00 USD,4 lb,0,1,1,3
449A-PALLET-40,"R-449A Refrigerant – Full Pallet (40 × 25 lb) – Genuine Honeywell Solstice®, Made in USA","Forty cylinders at 25 pounds each, which puts 1,000 pounds of R-449A on a single pallet. The refrigerant is genuine Honeywell Solstice, made in the USA, and every cylinder is factory sealed with virgin refrigerant.
Home24Care lists the same grade as a half pallet of twenty cylinders and as a single 25-pound jug, so this quantity is for a shop working through R-449A steadily rather than job by job. It sits in the bulk pallets range and is described as compliant with EPA regulations, sold for professional and commercial use.",in_stock,,,https://home24care.com/products/r-449a-refrigerant-full-pallet-40-x-25-lb-genuine-honeywell-solstice-made-in-usa,,https://home24care.com/product-images/7adb314b0231b318-feed.jpg,14500.00 USD,,,,,449A-PALLET-40,Honeywell,"At igvagas, we provide premium Premium Refrigerant solutions for HVAC, automotive, and commercial refrigeration systems. Our products are:",✓ Factory sealed and virgin,✓ Made in USA – Highest quality standards,✓ Certified and compliant with EPA regulations,,,,,,,,,new,no,,,,,,,,,40,no,25 lb,,,,,,,,,"Hardware > Heating, Ventilation & Air Conditioning",Refrigerants & Gases > Bulk & Pallet Orders,US:::0.00 USD,,0,1,1,3
449A-PALLET-20,"R-449A Refrigerant – Half Pallet (20 × 25 lb) – Genuine Honeywell Solstice®, Made in USA","Twenty 25-pound cylinders of genuine Honeywell Solstice R-449A, or 500 pounds of refrigerant on a half pallet. Same cylinder size as the full pallet at half the count, which is the order to place when the grade moves but not fast enough to park forty jugs in the shop.
Every cylinder is made in the USA, factory sealed, and filled with virgin refrigerant. Home24Care groups it with the bulk pallets and lists it as compliant with EPA regulations for professional and commercial use. A single 25-pound cylinder is also listed for jobs that only need one.",in_stock,,,https://home24care.com/products/r-449a-refrigerant-half-pallet-20-x-25-lb-genuine-honeywell-solstice-made-in-usa,,https://home24care.com/product-images/e989cedb347e2317-feed.jpg,7250.00 USD,,,,,449A-PALLET-20,Honeywell,"At igvagas, we provide premium Premium Refrigerant solutions for HVAC, automotive, and commercial refrigeration systems. Our products are:",✓ Factory sealed and virgin,✓ Made in USA – Highest quality standards,✓ Certified and compliant with EPA regulations,,,,,,,,,new,no,,,,,,,,,20,no,25 lb,,,,,,,,,"Hardware > Heating, Ventilation & Air Conditioning",Refrigerants & Gases > Bulk & Pallet Orders,US:::0.00 USD,780 lb,0,1,1,3
454B-PALLET-40,"R-454B Refrigerant – Full Pallet (40 × 20 lb) – Genuine Honeywell Solstice®, Made in USA","R-454B comes in 20-pound cylinders here, and a full pallet holds forty of them, 800 pounds of refrigerant in one delivery. All of it is genuine Honeywell Solstice, made in the USA, with each cylinder factory sealed and filled with virgin refrigerant.
Cylinder size is worth checking when you compare pallets. The R-449A pallets in the same range are filled to 25 pounds, so a pallet count on its own does not tell you the weight. Home24Care carries this one under bulk pallets and describes it as compliant with EPA regulations, for professional and commercial use.",in_stock,,,https://home24care.com/products/r-454b-refrigerant-full-pallet-40-x-20-lb-genuine-honeywell-solstice-made-in-usa,,https://home24care.com/product-images/df434d11095120a5-feed.jpg,16200.00 USD,,,,,454B-PALLET-40,Honeywell,"At igvagas, we provide premium Premium Refrigerant solutions for HVAC, automotive, and commercial refrigeration systems. Our products are:",✓ Factory sealed and virgin,✓ Made in USA – Highest quality standards,✓ Certified and compliant with EPA regulations,,,,,,,,,new,no,,,,,,,,,40,no,20 lb,,,,,,,,,"Hardware > Heating, Ventilation & Air Conditioning",Refrigerants & Gases > Bulk & Pallet Orders,US:::0.00 USD,,0,1,1,3
454B-PALLET-20,"R-454B Refrigerant – Half Pallet (20 × 20 lb) – Genuine Honeywell Solstice®, Made in USA","The smaller of the two R-454B pallet quantities Home24Care lists: twenty cylinders at 20 pounds each, or 400 pounds of refrigerant. Everything about the cylinders matches the full pallet apart from the count, so the decision is only about how much you want sitting on hand.
The refrigerant is genuine Honeywell Solstice, made in the USA, factory sealed and virgin. It is filed under bulk pallets and listed as compliant with EPA regulations, sold for professional and commercial use rather than casual purchase.",in_stock,,,https://home24care.com/products/r-454b-refrigerant-half-pallet-20-x-20-lb-genuine-honeywell-solstice-made-in-usa,,https://home24care.com/product-images/e6a9403503d83612-feed.jpg,8100.00 USD,,,,,454B-PALLET-20,Honeywell,"At igvagas, we provide premium Premium Refrigerant solutions for HVAC, automotive, and commercial refrigeration systems. Our products are:",✓ Factory sealed and virgin,✓ Made in USA – Highest quality standards,✓ Certified and compliant with EPA regulations,,,,,,,,,new,no,,,,,,,,,20,no,20 lb,,,,,,,,,"Hardware > Heating, Ventilation & Air Conditioning",Refrigerants & Gases > Bulk & Pallet Orders,US:::0.00 USD,,0,1,1,3
2504745com,Rylan Indoor Infrared Sauna – 1 Person,"Eight low-EMF far infrared carbon panels surround the single seat in this cabin, one of them under the floor, so the heat arrives from every direction without shifting around to find it. They reach your set temperature roughly 20% faster than standard panels, and the bench is cut extra deep so there is room to settle in.
It runs off a standard 120V household outlet, which means no electrician and no new circuit. Red light therapy, chromotherapy, Bluetooth speakers, and the controls are included. Cedar panels are 33% thicker than standard with double-wall construction and an 8mm tempered glass door, and they arrive pre-built, pre-drilled, pre-stained, and pre-wired. Every component carries a five-year warranty with support seven days a week.",in_stock,,,https://home24care.com/products/rylan-1-person-indoor-infrared-sauna,,https://home24care.com/product-images/7a13696e780734c9-feed.jpg,799.60 USD,719.60 USD,,,752113594746,2504745com,Backyard Discovery,33% thicker cedar panels with double-wall construction and 8mm tempered glass door,"Red light therapy, chromotherapy, Bluetooth speakers, and controls all included","5-year comprehensive warranty covering every component, with support available 7 days per week","Ready to assemble with pre-built, pre-drilled, pre-stained, and pre-wired panels",,https://home24care.com/product-images/58ff212f68163779-feed.jpg,https://home24care.com/product-images/f1a00c19f1938707-feed.jpg,https://home24care.com/product-images/b247fd18e2b6d91a-feed.jpg,https://home24care.com/product-images/e29ae46b5a41a61d-feed.jpg,https://home24care.com/product-images/d1eadc4aaed53e6a-feed.jpg,https://home24care.com/product-images/884505f28c012991-feed.jpg,https://home24care.com/product-images/f0e9bf463eeefc2b-feed.jpg,new,no,,,,,,,,,,no,,,,,,,,,,Home & Garden > Pool & Spa > Saunas,Outdoor Living > Saunas,US:::0.00 USD,326.28 lb,0,1,1,3
2504455com,Rylan Indoor Infrared Sauna – 2 Person,"Two people fit side by side on the bench here, and one person alone has room to stretch out along it. Eight low-EMF far infrared carbon panels sit around the cabin for full-body coverage, reaching your set temperature about 20% faster than standard panels.
Like the 1-person model, it plugs into a standard 120V outlet, so no electrician or dedicated circuit is involved in getting it running. Red light therapy, chromotherapy, Bluetooth speakers, and the control panel come standard. The cedar walls are 33% thicker than standard with double-wall construction, and the door is 8mm tempered glass. Panels ship pre-built, pre-drilled, pre-stained, and pre-wired, and every component is covered for five years with support seven days a week.",in_stock,,,https://home24care.com/products/rylan-2-person-indoor-infrared-sauna,,https://home24care.com/product-images/f003f710a0d8d26c-feed.jpg,919.60 USD,799.60 USD,,,752113594456,2504455com,Backyard Discovery,33% thicker cedar panels with double-wall construction and 8mm tempered glass door,"Red light therapy, chromotherapy, Bluetooth speakers, and controls all included","5-year comprehensive warranty covering every component, with support available 7 days per week","Ready to assemble with pre-built, pre-drilled, pre-stained, and pre-wired panels",,https://home24care.com/product-images/fbb93756ed4b34d4-feed.jpg,https://home24care.com/product-images/0745d5b6edff824f-feed.jpg,https://home24care.com/product-images/e35d7c1271007341-feed.jpg,https://home24care.com/product-images/e29ae46b5a41a61d-feed.jpg,https://home24care.com/product-images/5c8e9e77666a1c01-feed.jpg,https://home24care.com/product-images/bbc5c2fa9a152047-feed.jpg,https://home24care.com/product-images/057487a2d5c2dd0f-feed.jpg,new,no,,,,,,,,,,no,,,,,,,,,,Home & Garden > Pool & Spa > Saunas,Outdoor Living > Saunas,US:::0.00 USD,386.72 lb,0,1,1,3
65413Bcom,Shenandoah Swing Set,"The Shenandoah reads like a small mountain cabin with a swing beam attached. Downstairs is a playhouse with a full front door, a play kitchen holding a toy cooktop, sink, and cordless play phone, and a side snack bar window that opens over an attached picnic table with bench seating. That table doubles as the spot for crafts when nobody is running a pretend cafe.
Kids reach the raised clubhouse, which has a wooden roof and windows, either by the rock wall with its 12 climbing holds or by the flat step ladder. The 10-foot wave slide handles the trip back down, and two belt swings and a trapeze bar let several kids swing at once. It is built from cedar, arrives ready to assemble with guided instructions in the BILT app, and carries a 5-year warranty.",in_stock,,,https://home24care.com/products/shenandoah-wooden-swing-set,,https://home24care.com/product-images/d8b23c34ca08e141-feed.jpg,679.60 USD,599.60 USD,,,752113654938,65413Bcom,Backyard Discovery,"Lower Playhouse: Includes a play kitchen with a toy stovetop, sink, cordless phone, and a full front door to create a cozy charming mountain home",Industry-Leading Warranty: 5-year warranty for added peace of mind,"Built-In Picnic Area: Snack bar window with attached picnic table and bench seating transforms into mini café, perfect for snack time or fun restauran",Versatile Swinging Fun: 2 classic belt swings and 1 trapeze allow multiple kids to swing at once,,https://home24care.com/product-images/d4270b4f53cd76d5-feed.jpg,https://home24care.com/product-images/5d1e2e6bbedd6b92-feed.jpg,https://home24care.com/product-images/aca8904140360275-feed.jpg,https://home24care.com/product-images/fe94dd5f645a41b8-feed.jpg,https://home24care.com/product-images/c52052f4faf461fa-feed.jpg,https://home24care.com/product-images/611a9e426a0152fd-feed.jpg,https://home24care.com/product-images/4c97d7c394f93dba-feed.jpg,new,no,,,,,,,,,,no,,,,,,,,,,Toys & Games > Outdoor Play Equipment > Swing Sets & Playsets,Outdoor Living > Swing Sets,US:::0.00 USD,525 lb,0,1,1,3
2200043Bcom,Skyfort III Swing Set,"Skyfort III spreads play across levels. The elevated clubhouse has bay windows and a wooden roof, with a crow's nest off the side holding a peek-through toy telescope.
There are two routes up, and they suit different kids. The rock wall is the challenge, while the flat step ladder has wide rungs for easier access. Coming down means either the twisty spiral tube slide or the speedy 10-foot wave slide. Two belt swings and a trapeze bar hang alongside for sky-high swinging, and the shaded lower play space converts into a sandbox, though sand is not included. The cedar is finished in a light brown stain with dark brown accents. Assembly is guided through the BILT app, the pieces arrive ready to put together, and a 5-year warranty backs the set.",in_stock,,,https://home24care.com/products/skyfort-iii,,https://home24care.com/product-images/a9adfa262bf5db8a-feed.jpg,919.60 USD,,,,752113290044,2200043Bcom,Backyard Discovery,Lower Play Space: Shaded sandbox area to inspire creative sensory play (sand not included),Industry-Leading Warranty: 5-year warranty for added peace of mind,"Spiral Tube Slide: Enclosed curvy slide delivers exhilarating, twisty rides for little adventurers",Crow’s Nest: Elevated lookout with toy telescope inspires imaginative exploration and adventurous quests,,https://home24care.com/product-images/0b60208d507e7f42-feed.jpg,https://home24care.com/product-images/675e70269cc6bf13-feed.jpg,https://home24care.com/product-images/bd20a93b0ba34ecc-feed.jpg,https://home24care.com/product-images/c46c091a62d22395-feed.jpg,https://home24care.com/product-images/676279a1bf4c56bd-feed.jpg,https://home24care.com/product-images/32814e6e84066efb-feed.jpg,https://home24care.com/product-images/cd5886817f5816e4-feed.jpg,new,no,,,,,,,,,,no,,,,,,,,,,Toys & Games > Outdoor Play Equipment > Swing Sets & Playsets,Outdoor Living > Swing Sets,US:::0.00 USD,677 lb,0,1,1,3
1902022Bcom,Tacoma Falls Swing Set,"Tacoma Falls stacks two separate play spaces into one structure. The upper clubhouse has windows, a wooden roof, and a built-in chalkboard, with a crow's nest lookout and toy telescope above it. Two slides run down from that level, an enclosed spiral tube slide that twists on the way and a wave slide for a faster straight shot. A rock wall and a step ladder give kids two ways back up.
The lower playhouse has its own full front door and a play kitchen behind it, with a toy sink, a cookware set, a dinner bell, and battery-powered accessories. Two belt swings and a web disc swing hang alongside the structure.
Backyard Discovery builds the set from natural cedar and ships it ready to assemble, with guided instructions in the BILT app. It carries a 5-year warranty.",in_stock,,,https://home24care.com/products/tacoma-falls,,https://home24care.com/product-images/e0dc897a48d3ada2-feed.jpg,879.60 USD,,,,752113992023,1902022Bcom,Backyard Discovery,"Lower Playhouse: Includes a play kitchen with a toy sink, battery powered accessories, cookware set, dinner bell, and full front door to inspire creat",Industry-Leading Warranty: 5-year warranty for added peace of mind,"Spiral Tube Slide: Enclosed curvy slide delivers exhilarating, twisty rides for little adventurers",Crow’s Nest: Elevated lookout with toy telescope inspires imaginative exploration and adventurous quests,,https://home24care.com/product-images/1d479aec5f644834-feed.jpg,https://home24care.com/product-images/0c12fdd30cad1a44-feed.jpg,https://home24care.com/product-images/a49586a50c324a45-feed.jpg,https://home24care.com/product-images/b44045bddcd24544-feed.jpg,https://home24care.com/product-images/f84e3360ee5750fc-feed.jpg,https://home24care.com/product-images/3a59302a29998a5f-feed.jpg,https://home24care.com/product-images/1c447601dc7e64bf-feed.jpg,new,no,,,,,,,,,,no,,,,,,,,,,Toys & Games > Outdoor Play Equipment > Swing Sets & Playsets,Outdoor Living > Swing Sets,US:::0.00 USD,632.79 lb,0,1,1,3
65411Bcom,Tucson Swing Set,"Shade is designed into the Tucson at both levels. The raised deck sits under a brightly colored canopy roof, and the play space beneath the deck stays in the shadow of it, with a snack bar window and built-in bench seating along one side for juice breaks or drawing. That lower area can be filled with sand to make a sandbox, though sand is not included.
Kids reach the deck by a rock wall with six holds that also works as a ladder, then take the 8-foot wave slide back down. Two belt swings and a trapeze bar round out the active play.
The cedar carries a burnt sienna finish, and pieces come pre-cut, pre-drilled, and pre-stained with guided setup in the BILT app. Backyard Discovery covers the set for 5 years.",in_stock,,,https://home24care.com/products/tucson-wooden-swing-set,,https://home24care.com/product-images/7f082c8891be80e2-feed.jpg,239.60 USD,219.60 USD,,,752113654815,65411Bcom,Backyard Discovery,Lower Play Space: Shaded sandbox area to inspire creative sensory play (sand not included),Industry-Leading Warranty: 5-year warranty for added peace of mind,Built-In Picnic Area: Covered snack bar window with bench seating is ideal for juice breaks or arts and crafts,Versatile Swinging Fun: 2 classic belt swings and 1 trapeze allow multiple kids to swing at once,,https://home24care.com/product-images/c11d22dd7a27a01e-feed.jpg,https://home24care.com/product-images/9051cea51308d5e9-feed.jpg,https://home24care.com/product-images/2faa9b83f1e7fbe1-feed.jpg,https://home24care.com/product-images/da86e39ef62633e4-feed.jpg,https://home24care.com/product-images/350952ec3993a475-feed.jpg,https://home24care.com/product-images/76c7f66b6f75b0a1-feed.jpg,https://home24care.com/product-images/8c7345a4e93cdded-feed.jpg,new,no,,,,,,,,,,no,,,,,,,,,,Toys & Games > Outdoor Play Equipment > Swing Sets & Playsets,Outdoor Living > Swing Sets,US:::0.00 USD,134.48 lb,0,1,1,3
